,Value1,Value2,Value3,Value4
10/7/2012,0.058332878,0.071831632,0.083241906,0.043066556
10/8/2012,0.058995215,0.074005713,0.084435422,0.044541042
10/9/2012,0.060236437,0.074226622,0.083926071,0.044443088
10/10/2012,0.061455442,0.073844084,0.084457444,0.0450814
10/11/2012,0.06136076,0.07560877,0.082836808,0.045118365
10/12/2012,0.061664827,0.073278627,0.084879242,0.044172225
10/13/2012,0.061943894,0.0745929,0.0826263,0.044658577
10/14/2012,0.061230529,0.07417159,0.082021925,0.04384008
10/15/2012,0.06227975,0.075807754,0.084372284,0.04427223
10/16/2012,0.059890278,0.075114752,0.084506031,0.043973973
10/17/2012,0.062371258,0.075504956,0.082238,0.044170809
10/18/2012,0.060837053,0.07464759,0.08055198,0.043601543
10/19/2012,0.061090141,0.074832218,0.08078705,0.043524489
10/20/2012,0.062598662,0.075488159,0.080625568,0.044679281
10/21/2012,0.06234069,0.07560125,0.080398164,0.04424552
10/22/2012,0.061629767,0.075284291,0.080999316,0.044688364
10/23/2012,0.061884955,0.075991845,0.083304165,0.044548562
10/24/2012,0.061246301,0.074032521,0.080165926,0.043482104
10/25/2012,0.061476293,0.07533195,0.081762195,0.04415616
10/26/2012,0.061843254,0.075819474,0.081511841,0.043554275
10/27/2012,0.062213096,0.075920553,0.080895698,0.043924801
10/28/2012,0.062625763,0.076406367,0.082293764,0.043765809
10/29/2012,0.062514039,0.074907662,0.081812491,0.043427413
10/30/2012,0.062606914,0.076501001,0.081133112,0.045041213
10/31/2012,0.062448557,0.076648225,0.08357327,0.044517115
11/1/2012,0.061328873,0.07514195,0.082565457,0.044142878
11/2/2012,0.061452024,0.076662337,0.080872357,0.043867279
11/3/2012,0.061278676,0.075561551,0.082165926,0.044179794
11/4/2012,0.061906343,0.075153474,0.082516822,0.043844572
11/5/2012,0.06188979,0.075884369,0.080264027,0.043732604
11/6/2012,0.061728356,0.075645491,0.081359051,0.043278187
11/7/2012,0.063210948,0.07551775,0.081347722,0.045092338
11/8/2012,0.06069144,0.076114312,0.080068558,0.044030421
11/9/2012,0.062270619,0.076443625,0.082008497,0.04452234
11/10/2012,0.061526784,0.077323258,0.083421114,0.044206993
11/11/2012,0.061508619,0.075803799,0.079355486,0.04417452
11/12/2012,0.060630548,0.076185702,0.082237219,0.044368768
11/13/2012,0.062684164,0.076531276,0.081332731,0.044790322
11/14/2012,0.061219151,0.075748181,0.082364959,0.044375555
11/15/2012,0.061413106,0.076758875,0.081681918,0.045033107
11/16/2012,0.061580302,0.077017042,0.081991796,0.044675179
11/17/2012,0.061916549,0.075827628,0.081083842,0.044192002
11/18/2012,0.06114947,0.07548728,0.079663753,0.043656917
11/19/2012,0.061460569,0.075105376,0.078573661,0.044207383
11/20/2012,0.061383368,0.076713853,0.08184301,0.043969286
11/21/2012,0.060116168,0.075344109,0.081254016,0.044294253
11/22/2012,0.062262317,0.076085502,0.082185947,0.044432199
11/23/2012,0.060793691,0.0749144,0.082784657,0.044284828
11/24/2012,0.06178412,0.0763424,0.081285463,0.044677035
11/25/2012,0.06062464,0.07473822,0.079506861,0.043784511
11/26/2012,0.061512672,0.076694077,0.081013526,0.044539528
11/27/2012,0.061635871,0.076284487,0.080074564,0.044700913
11/28/2012,0.062393086,0.075968748,0.08021129,0.043932126
11/29/2012,0.060577225,0.076139558,0.079994726,0.045379511
11/30/2012,0.060348894,0.074789589,0.081326432,0.043911861
12/1/2012,0.061461839,0.076212608,0.081617218,0.044706431
12/2/2012,0.060919674,0.07606221,0.080226329,0.043869671
12/3/2012,0.06096616,0.075273353,0.07948225,0.043128961
12/4/2012,0.060197031,0.074812589,0.079347038,0.042922262
12/5/2012,0.061612872,0.076991308,0.081463646,0.043104644
12/6/2012,0.062087407,0.075831388,0.080927731,0.044375702
12/7/2012,0.060778895,0.075888813,0.081367205,0.043354217
12/8/2012,0.062264222,0.075717174,0.081277846,0.045160213
12/9/2012,0.060654329,0.076348747,0.079166952,0.044337419
12/10/2012,0.060836564,0.075146931,0.08072528,0.04398916
12/11/2012,0.060678793,0.076043313,0.079274867,0.044345915
12/12/2012,0.060815079,0.076158455,0.081370428,0.043719762
12/13/2012,0.060515699,0.076330631,0.080493872,0.043176766
12/14/2012,0.060748962,0.076049465,0.080591826,0.044359979
12/15/2012,0.059402656,0.074865032,0.07983217,0.044023048
12/16/2012,0.060527028,0.076733776,0.081932809,0.044242199
12/17/2012,0.06077079,0.075722936,0.080631183,0.045051223
12/18/2012,0.061741833,0.077801553,0.081163143,0.044402461
12/19/2012,0.061893549,0.076973534,0.081862835,0.044709898
12/20/2012,0.061243371,0.075463548,0.079192783,0.044677182
12/21/2012,0.060408956,0.076730211,0.08058206,0.044153621
12/22/2012,0.061595342,0.076023732,0.080134333,0.043750085
12/23/2012,0.060023878,0.075038137,0.077043606,0.043952439
12/24/2012,0.060836857,0.076331657,0.08231608,0.044576102
12/25/2012,0.060481371,0.074879877,0.081004004,0.043370038
12/26/2012,0.059133942,0.074981493,0.079530006,0.044441037
12/27/2012,0.060678207,0.075663069,0.079937106,0.044060647
12/28/2012,0.060732848,0.074540065,0.077848528,0.044543093
12/29/2012,0.061104595,0.076389423,0.078023048,0.043665169
12/30/2012,0.060747644,0.075227648,0.078771229,0.044579813
12/31/2012,0.060915084,0.07495073,0.078953074,0.043507203
1/1/2013,0.058880219,0.074510084,0.07851526,0.044342937
1/2/2013,0.060841399,0.076191269,0.081012452,0.044847698
1/3/2013,0.061190732,0.075771864,0.081815714,0.043840422
1/4/2013,0.06205762,0.075653694,0.079867865,0.043573026
1/5/2013,0.060056057,0.075266322,0.081023927,0.044224523
1/6/2013,0.060578739,0.075369403,0.081694321,0.043524293
1/7/2013,0.059355291,0.075005176,0.078933102,0.044103667
1/8/2013,0.061484106,0.075776356,0.081103911,0.043932321
1/9/2013,0.060681332,0.076050295,0.079104741,0.044016065
1/10/2013,0.061475414,0.075945652,0.079980907,0.044492797
1/11/2013,0.060370282,0.076395869,0.079260022,0.044407246
1/12/2013,0.06107139,0.075497388,0.078222325,0.04487851
1/13/2013,0.059843156,0.075837639,0.079184677,0.044272816
1/14/2013,0.06109478,0.07534572,0.079447239,0.043947165
1/15/2013,0.060354412,0.075733971,0.079269349,0.044434738
1/16/2013,0.060180819,0.075857903,0.079969627,0.04399873
1/17/2013,0.060264906,0.076660384,0.078492065,0.044152254
1/18/2013,0.0606764,0.07592524,0.0785449,0.044211876
1/19/2013,0.061193564,0.076424435,0.079676254,0.044615069
1/20/2013,0.060406367,0.075359344,0.078919771,0.04387265
1/21/2013,0.059835881,0.0757474,0.080423409,0.043632795
1/22/2013,0.059874359,0.075293423,0.078849895,0.043906245
1/23/2013,0.061043752,0.07541252,0.079813077,0.044983446
1/24/2013,0.060097612,0.075881195,0.079283754,0.044053176
1/25/2013,0.060136628,0.074231261,0.079218028,0.043625519
1/26/2013,0.061293813,0.07660628,0.081794814,0.045005567
1/27/2013,0.059829093,0.075415596,0.07946765,0.043975682
1/28/2013,0.060349236,0.076156697,0.078184335,0.04350061
1/29/2013,0.059494555,0.074745154,0.079670589,0.044067874
1/30/2013,0.062273549,0.075675668,0.080639387,0.044512427
1/31/2013,0.060695005,0.075518043,0.080988818,0.043849797
2/1/2013,0.06114947,0.077026417,0.079851262,0.044780702
2/2/2013,0.060680307,0.075372967,0.080427853,0.04410899
2/3/2013,0.060591386,0.076100493,0.078061185,0.044237951
2/4/2013,0.061251672,0.076067533,0.080869134,0.043199277
2/5/2013,0.061404805,0.075165584,0.081017725,0.044215343
2/6/2013,0.062205235,0.076139851,0.079119977,0.044290346
2/7/2013,0.0603382,0.07435656,0.079494946,0.043417208
2/8/2013,0.060593291,0.0768288,0.079297524,0.043699155
2/9/2013,0.060206065,0.075107622,0.078204942,0.043055618
2/10/2013,0.059979247,0.07509644,0.079211924,0.043934079
2/11/2013,0.060208799,0.075330534,0.079366961,0.044306607
2/12/2013,0.059257434,0.074939304,0.078029005,0.04376576
2/13/2013,0.060106792,0.076153279,0.081123737,0.043833048
2/14/2013,0.059880951,0.075456565,0.081520338,0.043972997
2/15/2013,0.060054593,0.075005957,0.079031984,0.043597295
2/16/2013,0.060548122,0.075632404,0.082042971,0.043507349
2/17/2013,0.061008838,0.076216905,0.08019874,0.044107769
2/18/2013,0.061485424,0.075239465,0.080926217,0.043598223
2/19/2013,0.061330924,0.076663314,0.08045803,0.04443508
2/20/2013,0.060147761,0.076113482,0.079767225,0.043991211
2/21/2013,0.061197959,0.076719762,0.080065482,0.044655012
2/22/2013,0.059392597,0.075565115,0.07714698,0.042840129
2/23/2013,0.060433322,0.075838908,0.077728356,0.043916988
2/24/2013,0.060975731,0.075780751,0.079876166,0.044015382
2/25/2013,0.060270521,0.075710533,0.080102691,0.044152742
2/26/2013,0.060634504,0.076508326,0.080954295,0.043819425
2/27/2013,0.059841057,0.075081059,0.080532106,0.043946726
2/28/2013,0.059753504,0.076626984,0.082403731,0.043659212
3/1/2013,0.060066312,0.07580458,0.079546316,0.043694907
3/2/2013,0.059673861,0.075932272,0.078583134,0.044976708
3/3/2013,0.059919674,0.074878656,0.077993115,0.043641682
3/4/2013,0.060456126,0.076068607,0.079677523,0.043468919
3/5/2013,0.059075638,0.075136628,0.078089506,0.043891499
3/6/2013,0.061991211,0.075433273,0.080121783,0.044455882
3/7/2013,0.060446018,0.076250256,0.079509937,0.043843742
3/8/2013,0.060247961,0.075751502,0.08077621,0.044865765
3/9/2013,0.060386347,0.075333415,0.078778163,0.043779628
3/10/2013,0.061081156,0.075122711,0.077511548,0.043417891
3/11/2013,0.061375702,0.076862884,0.08169437,0.044474535
3/12/2013,0.062011817,0.076153767,0.077534352,0.043977196
3/13/2013,0.060469847,0.074790029,0.079498462,0.043395674
3/14/2013,0.06098662,0.075506861,0.079218419,0.043795547
3/15/2013,0.060282045,0.075268226,0.077819132,0.044394551
3/16/2013,0.061893842,0.076695542,0.079405537,0.04419
3/17/2013,0.060447971,0.075193418,0.077115338,0.044301919
3/18/2013,0.060858196,0.07632775,0.080896333,0.043892719
3/19/2013,0.060008399,0.075298843,0.076593388,0.043449143
3/20/2013,0.061264661,0.07548601,0.078890717,0.042973339
3/21/2013,0.060608575,0.07592358,0.079821183,0.043907515
3/22/2013,0.06107935,0.076082328,0.079828751,0.043899067
3/23/2013,0.061344255,0.075990283,0.078906587,0.044307583
3/24/2013,0.061139216,0.076680111,0.079097808,0.044933688
3/25/2013,0.060455149,0.074801895,0.077601152,0.04313277
3/26/2013,0.061760145,0.075510279,0.078775526,0.043683969
3/27/2013,0.060030763,0.075337809,0.077089799,0.043551443
3/28/2013,0.059602227,0.075506617,0.077681039,0.043052102
3/29/2013,0.0604718,0.075148347,0.076872162,0.044092778
3/30/2013,0.059729528,0.075845549,0.078289614,0.043949949
3/31/2013,0.061589189,0.075971288,0.078095219,0.043979687
4/1/2013,0.059637726,0.075343474,0.077923776,0.043990332
4/2/2013,0.05942507,0.074957469,0.077726012,0.044445481
4/3/2013,0.060484057,0.075055423,0.075991406,0.043837053
4/4/2013,0.060222569,0.075260413,0.077162752,0.043578544
4/5/2013,0.060191855,0.075540749,0.079709654,0.043947947
4/6/2013,0.059483324,0.074593974,0.077186484,0.043130524
4/7/2013,0.061542263,0.075485033,0.079127887,0.04415616
4/8/2013,0.060071341,0.075651887,0.079825236,0.04345388
4/9/2013,0.061402949,0.075820353,0.07857493,0.044122125
4/10/2013,0.060335466,0.075848332,0.081015137,0.04405469
4/11/2013,0.061820401,0.075874994,0.078947214,0.045660579
4/12/2013,0.059263831,0.074926266,0.076827335,0.043549294
4/13/2013,0.060582841,0.075732409,0.077700718,0.044302017
4/14/2013,0.059594951,0.075078568,0.077060599,0.042941501
4/15/2013,0.061560184,0.074947214,0.079192685,0.044726598
4/16/2013,0.061164608,0.075267689,0.076712974,0.044376923
4/17/2013,0.060970848,0.075333805,0.076534499,0.04420626
4/18/2013,0.061462181,0.075421944,0.080223986,0.044666732
4/19/2013,0.060089116,0.075858782,0.078779921,0.04440793
4/20/2013,0.059942282,0.075795058,0.080970409,0.043320279
4/21/2013,0.059244592,0.073904341,0.078511841,0.042872259
4/22/2013,0.060384003,0.075938864,0.078674105,0.04408516
4/23/2013,0.060474193,0.074888959,0.077741101,0.044247375
4/24/2013,0.062169491,0.076111968,0.079558816,0.043985644
4/25/2013,0.06053152,0.074895552,0.077811905,0.044080277
4/26/2013,0.060185556,0.075944577,0.079373651,0.04331984
4/27/2013,0.060937839,0.075689487,0.079278627,0.044488598
4/28/2013,0.059732604,0.074363983,0.078052004,0.044237414
4/29/2013,0.059666878,0.075207188,0.077324772,0.043509888
4/30/2013,0.059739978,0.074570536,0.077852385,0.043918795
5/1/2013,0.060891303,0.075871722,0.077169247,0.044325651
5/2/2013,0.060448313,0.076085991,0.077558914,0.04485468
5/3/2013,0.060670394,0.07389311,0.075868695,0.043141071
5/4/2013,0.059936667,0.073886371,0.077223937,0.043312955
5/5/2013,0.061666097,0.075868939,0.078936423,0.04481293
5/6/2013,0.060856389,0.075408028,0.079643684,0.044140144
5/7/2013,0.060806534,0.074715367,0.078546023,0.042944236
5/8/2013,0.061981347,0.07591733,0.080549978,0.044798965
5/9/2013,0.061027931,0.075027052,0.078400264,0.044765321
5/10/2013,0.060547341,0.075247717,0.07723175,0.044763074
5/11/2013,0.061285219,0.075496997,0.079614971,0.044073197
5/12/2013,0.061170467,0.074687485,0.077206016,0.044076517
5/13/2013,0.061740173,0.075794375,0.07843508,0.044430343
5/14/2013,0.061182528,0.07475409,0.076656673,0.043778798
5/15/2013,0.06083383,0.074843401,0.077787001,0.044090043
5/16/2013,0.059827677,0.074888959,0.07778329,0.043488159
5/17/2013,0.061063284,0.074637726,0.077964061,0.043447678
5/18/2013,0.061001318,0.074127789,0.078172811,0.043682065
5/19/2013,0.060415987,0.074309146,0.07807139,0.044039943
5/20/2013,0.059961522,0.074680258,0.077951023,0.043557742
5/21/2013,0.060195859,0.074979833,0.077627521,0.044556521
5/22/2013,0.061525367,0.07555281,0.07733112,0.043913179
5/23/2013,0.061171542,0.075461741,0.078989941,0.044503247
5/24/2013,0.060858538,0.075050344,0.076070316,0.044690903
5/25/2013,0.06123966,0.074749402,0.079075004,0.04527682
5/26/2013,0.06000918,0.0750647,0.075197764,0.043814737
5/27/2013,0.061500903,0.075196006,0.078566532,0.045406465
5/28/2013,0.060511793,0.075357342,0.076394209,0.043384198
5/29/2013,0.061437619,0.074779433,0.076512037,0.044047756
5/30/2013,0.061868353,0.075022755,0.079237658,0.043854827
5/31/2013,0.061623321,0.075595537,0.077444553,0.044053274
6/1/2013,0.060887446,0.075132428,0.077923238,0.044743933
6/2/2013,0.06074657,0.074668441,0.077513941,0.043933542
6/3/2013,0.061348357,0.074800088,0.077162752,0.043665755
6/4/2013,0.060202305,0.073754383,0.077859026,0.043966551
6/5/2013,0.060879047,0.075060745,0.080035304,0.045152009
6/6/2013,0.059487621,0.074019972,0.076060843,0.043872797
6/7/2013,0.060626495,0.075961522,0.077003858,0.043997998
6/8/2013,0.061269251,0.075374384,0.079685336,0.044421603
6/9/2013,0.059714683,0.075548318,0.080259583,0.04459539
6/10/2013,0.060784413,0.07528141,0.07698037,0.044790859
6/11/2013,0.060063089,0.074864202,0.080950095,0.04478456
6/12/2013,0.060129352,0.07603843,0.077884467,0.04447263
6/13/2013,0.059829923,0.074484887,0.076450657,0.043972215
6/14/2013,0.059943845,0.075694614,0.076839299,0.044330729
6/15/2013,0.061770497,0.075204746,0.078290346,0.043909078
6/16/2013,0.060618292,0.074757312,0.077765321,0.043841447
6/17/2013,0.060332829,0.074930905,0.078385419,0.044327506
6/18/2013,0.060553933,0.075572782,0.078129743,0.044465062
6/19/2013,0.060465892,0.075525123,0.077228087,0.044005811
6/20/2013,0.060802432,0.07541086,0.077553103,0.04478749
6/21/2013,0.059501587,0.074151326,0.07655701,0.043588554
6/22/2013,0.061729479,0.076192881,0.078897505,0.043793007
6/23/2013,0.061142878,0.075474779,0.077744812,0.044414962
6/24/2013,0.061066068,0.075409932,0.077119488,0.043939792
6/25/2013,0.061126129,0.074499634,0.077760926,0.044272816
6/26/2013,0.059735729,0.073984081,0.078688998,0.043219786
6/27/2013,0.059893452,0.075131891,0.07793403,0.043524147
6/28/2013,0.061932858,0.074400166,0.078370672,0.044058987
6/29/2013,0.061505103,0.075125397,0.076554959,0.043803701
6/30/2013,0.061248303,0.075464525,0.078436887,0.044720299
7/1/2013,0.061626105,0.074909078,0.079577909,0.043944773
7/2/2013,0.059835539,0.075046535,0.078570389,0.043930905
7/3/2013,0.060172323,0.074794326,0.077254309,0.044604082
7/4/2013,0.061058499,0.074868939,0.077512379,0.043200107
7/5/2013,0.061517457,0.074748474,0.076312515,0.044900972
7/6/2013,0.060232775,0.074953709,0.077160359,0.043798135
7/7/2013,0.061497095,0.074625372,0.078987451,0.044156941
7/8/2013,0.061528248,0.074922799,0.077549587,0.044625177
7/9/2013,0.06209185,0.074996728,0.07779623,0.044119049
7/10/2013,0.060523072,0.074629376,0.075942087,0.043777284
7/11/2013,0.061782167,0.074487866,0.076528737,0.044126715
7/12/2013,0.060193906,0.074240344,0.074969774,0.043916793
7/13/2013,0.061218028,0.074876605,0.076770594,0.043947556
7/14/2013,0.060753113,0.073944919,0.077761951,0.043907222
7/15/2013,0.06048308,0.07282421,0.077331266,0.043430539
7/16/2013,0.061141901,0.074242199,0.078566727,0.043563699
7/17/2013,0.061595439,0.075061673,0.077096587,0.044419112
7/18/2013,0.059919723,0.07406973,0.075824454,0.04387265
7/19/2013,0.060995898,0.075733288,0.077632941,0.043547878
7/20/2013,0.059914156,0.07396367,0.076578397,0.043573905
7/21/2013,0.06079999,0.075745691,0.0781712,0.044194834
7/22/2013,0.060124176,0.074333805,0.075876752,0.043823673
7/23/2013,0.060856878,0.075786025,0.076553689,0.044388593
7/24/2013,0.060176425,0.073682553,0.078771717,0.044275404
7/25/2013,0.061315103,0.075155183,0.080285121,0.045101079
7/26/2013,0.060546706,0.074585087,0.081146931,0.045276039
7/27/2013,0.061404903,0.075107818,0.077771473,0.044759949
7/28/2013,0.060312857,0.074148982,0.077888325,0.044625372
7/29/2013,0.061760096,0.074260413,0.077899214,0.044647981
7/30/2013,0.060993261,0.075585136,0.081579618,0.043968114
7/31/2013,0.06078329,0.075114556,0.078857122,0.045050833
8/1/2013,0.061416036,0.074611065,0.078012012,0.043864837
8/2/2013,0.062450168,0.075295278,0.078126569,0.044410762
8/3/2013,0.059459544,0.074921676,0.078874359,0.04369017
8/4/2013,0.06073529,0.074116412,0.076916597,0.044584013
8/5/2013,0.059922994,0.074510035,0.077861175,0.0435052
8/6/2013,0.061837639,0.074265345,0.077312466,0.044158601
8/7/2013,0.060687827,0.074056302,0.075361639,0.044245666
8/8/2013,0.061265784,0.074344402,0.075919039,0.044142927
8/9/2013,0.06081796,0.075338395,0.076930856,0.043963231
8/10/2013,0.059994433,0.073717027,0.076467747,0.044023439
8/11/2013,0.061104107,0.074581864,0.075411641,0.04496577
8/12/2013,0.06157493,0.075983739,0.079003027,0.044229015
8/13/2013,0.062030568,0.075797793,0.078467406,0.044361736
8/14/2013,0.06157703,0.074336735,0.074244397,0.043741931
8/15/2013,0.060448557,0.074342253,0.075145661,0.044547195
8/16/2013,0.061389863,0.074826798,0.077113629,0.044199668
8/17/2013,0.060816837,0.074032423,0.077294057,0.043105376
8/18/2013,0.061808877,0.074703843,0.07638913,0.043783925
8/19/2013,0.060154256,0.073878852,0.077364715,0.043659261
8/20/2013,0.060739343,0.07443923,0.077047512,0.043800039
8/21/2013,0.060312271,0.074332975,0.075733385,0.043262513
8/22/2013,0.061463695,0.074507154,0.077537477,0.043937009
8/23/2013,0.061588163,0.073374921,0.077563162,0.044076371
8/24/2013,0.060123151,0.075598418,0.076107378,0.044311392
8/25/2013,0.061394599,0.074129694,0.076723131,0.044131598
8/26/2013,0.061445676,0.075150935,0.077241613,0.043967967
8/27/2013,0.060299038,0.074455296,0.077384003,0.043867523
8/28/2013,0.061686557,0.075247912,0.076322867,0.043965672
8/29/2013,0.05988393,0.073894819,0.078544118,0.044592461
8/30/2013,0.061399922,0.075277113,0.077832609,0.043999756
8/31/2013,0.061597148,0.075005811,0.076357928,0.043876263
9/1/2013,0.061060892,0.074207139,0.076612042,0.044145222
9/2/2013,0.060348747,0.074658284,0.077447629,0.043883686
9/3/2013,0.059197275,0.074452219,0.075758924,0.044504907
9/4/2013,0.059458665,0.074066312,0.07527472,0.043644416
9/5/2013,0.060335759,0.074164266,0.077071048,0.043111041
9/6/2013,0.06131442,0.074535671,0.076309244,0.04395366
9/7/2013,0.059259192,0.074716539,0.07641501,0.044200303
9/8/2013,0.062384003,0.075517945,0.077920406,0.04434948
9/9/2013,0.061405928,0.074778505,0.077777675,0.044701353
9/10/2013,0.061936227,0.0746931,0.077348601,0.043785781
9/11/2013,0.06097285,0.075020606,0.076515504,0.044835685
9/12/2013,0.060815958,0.074557644,0.075507154,0.043418624
9/13/2013,0.060482983,0.074149324,0.076466527,0.043880121
9/14/2013,0.060903755,0.074239709,0.078035646,0.043949509
9/15/2013,0.060319937,0.07222589,0.076573124,0.044353875
9/16/2013,0.061468285,0.074325065,0.077990039,0.04437702
9/17/2013,0.06038288,0.074392646,0.078228869,0.044045022
9/18/2013,0.061992822,0.074106451,0.077530983,0.044382441
9/19/2013,0.06078412,0.072995068,0.076163338,0.044416915
9/20/2013,0.060761951,0.073720104,0.075654573,0.043157234
9/21/2013,0.059587626,0.072947996,0.075802432,0.042929
9/22/2013,0.060476146,0.073418136,0.077524537,0.044092729
9/23/2013,0.060766541,0.074543972,0.078434592,0.044134723
9/24/2013,0.060551199,0.074700913,0.07612232,0.044127252
9/25/2013,0.061151814,0.074543972,0.076466136,0.044148298
9/26/2013,0.059999121,0.074505054,0.07451399,0.04401543
9/27/2013,0.06182465,0.075210557,0.077733141,0.043693003
9/28/2013,0.061580839,0.074748914,0.077025148,0.04415113
9/29/2013,0.060121148,0.074337761,0.077198203,0.043744812
9/30/2013,0.060929782,0.074762488,0.076070609,0.043747449
10/1/2013,0.060423116,0.074193857,0.077169784,0.043537136
10/2/2013,0.059452317,0.073145368,0.074777186,0.043355877
10/3/2013,0.060602227,0.073543825,0.076613604,0.043959959
10/4/2013,0.061344548,0.074100591,0.077269544,0.044405
10/5/2013,0.061220421,0.074491772,0.078167489,0.044513111
10/6/2013,0.060433664,0.07491982,0.077557596,0.043832072
10/7/2013,0.060962254,0.074206748,0.076616143,0.044257776
10/8/2013,0.061006104,0.074808633,0.07914991,0.04415909
10/9/2013,0.060592119,0.074103765,0.075680453,0.043240588
10/10/2013,0.061611456,0.074014844,0.076420821,0.043768641
10/11/2013,0.059739782,0.073791689,0.076822403,0.043598906
10/12/2013,0.059271107,0.07453738,0.074422042,0.044362811
10/13/2013,0.059799893,0.073961424,0.076216563,0.043940231
10/14/2013,0.061272181,0.07359959,0.076825187,0.04404595
10/15/2013,0.061436887,0.074384931,0.076194931,0.043550271
10/16/2013,0.060031642,0.074471556,0.079343913,0.043581523
10/17/2013,0.061380292,0.074686264,0.076307095,0.04530021
10/18/2013,0.06080502,0.074039895,0.075294887,0.044109917
10/19/2013,0.060475072,0.073321256,0.075526735,0.043839396
10/20/2013,0.059929635,0.074234191,0.075694126,0.043442502
10/21/2013,0.061774257,0.073412032,0.077170321,0.043475365
10/22/2013,0.061135016,0.074774696,0.080046828,0.044362127
10/23/2013,0.061120367,0.073099956,0.077217149,0.043957566
10/24/2013,0.060758631,0.074487377,0.078568875,0.043184775
10/25/2013,0.059352263,0.07282045,0.078041604,0.043326188
10/26/2013,0.06045427,0.075039406,0.077285658,0.044461009
10/27/2013,0.060123981,0.073761219,0.077582939,0.043324918
10/28/2013,0.059872894,0.072760584,0.075613995,0.044784462
10/29/2013,0.059211778,0.074707896,0.076584941,0.043517603
10/30/2013,0.061467454,0.073433273,0.078218614,0.044429025
10/31/2013,0.061618487,0.074644709,0.075999756,0.044277601
11/1/2013,0.061253919,0.07375072,0.077135749,0.043651057
11/2/2013,0.061407832,0.075501685,0.078065433,0.044264515
11/3/2013,0.062244153,0.07488476,0.077422921,0.043310074
11/4/2013,0.061872797,0.075079936,0.076889204,0.043776747
11/5/2013,0.060894526,0.074325748,0.076662337,0.044263782
11/6/2013,0.060628693,0.074860784,0.077182138,0.044109673
11/7/2013,0.061670199,0.073922555,0.076620636,0.043782558
11/8/2013,0.058805459,0.073129743,0.074208018,0.043357488
11/9/2013,0.060977245,0.074060452,0.078595146,0.043699448
11/10/2013,0.060901948,0.074166756,0.07702339,0.043897749
11/11/2013,0.059430001,0.07310606,0.075478295,0.043438107
11/12/2013,0.060442795,0.074493335,0.077618878,0.043219151
11/13/2013,0.058292934,0.072644807,0.073928463,0.043503736
11/14/2013,0.060830851,0.073487133,0.075213389,0.044237902
11/15/2013,0.060459056,0.073843401,0.07690981,0.044408223
11/16/2013,0.060355437,0.074666683,0.075705943,0.043423605
11/17/2013,0.060025538,0.072515406,0.075792226,0.043639191
11/18/2013,0.06029894,0.07362879,0.078036428,0.043352654
11/19/2013,0.059979735,0.073318961,0.076727916,0.044674886
11/20/2013,0.060740466,0.073129108,0.076700327,0.043697202
11/21/2013,0.06074906,0.075223155,0.076518824,0.044316275
11/22/2013,0.060092924,0.073953367,0.076598857,0.043559939
11/23/2013,0.060085942,0.072140388,0.075312662,0.044188974
11/24/2013,0.060694077,0.074087065,0.077581425,0.043647639
11/25/2013,0.060730993,0.073993945,0.077207286,0.043926901
11/26/2013,0.060631037,0.073764442,0.076849407,0.04333234
11/27/2013,0.061345866,0.073817227,0.076017286,0.04395532
11/28/2013,0.060615655,0.073128424,0.076694809,0.044382196
11/29/2013,0.06035866,0.073102984,0.075491772,0.043017921
11/30/2013,0.060164119,0.074404072,0.077678012,0.044458079
12/1/2013,0.061543239,0.074543679,0.076867474,0.043868792
12/2/2013,0.060791933,0.073522779,0.076934421,0.044001904
12/3/2013,0.060599736,0.074467357,0.078293227,0.043692221
12/4/2013,0.060274037,0.07415948,0.075683676,0.043770887
12/5/2013,0.061246448,0.07474154,0.077802871,0.044332682
12/6/2013,0.060658089,0.073845451,0.076425656,0.044210899
12/7/2013,0.060507886,0.073526881,0.077378583,0.043251526
12/8/2013,0.05987934,0.073674496,0.076384687,0.045047756
12/9/2013,0.060685776,0.074631769,0.077234386,0.044175741
12/10/2013,0.061259241,0.073824698,0.076369745,0.043861712
12/11/2013,0.061238684,0.073845891,0.076257923,0.043891987
12/12/2013,0.060959129,0.074498462,0.076289321,0.04322921
12/13/2013,0.060307388,0.073226671,0.075188583,0.043280336
12/14/2013,0.061288637,0.074106499,0.076945847,0.043786122
12/15/2013,0.061655647,0.074759998,0.076069583,0.043547683
12/16/2013,0.0605741,0.073733923,0.078334977,0.044990283
12/17/2013,0.060179843,0.072930417,0.076648762,0.043536647
12/18/2013,0.061555203,0.074988232,0.074932907,0.044546902
12/19/2013,0.061789052,0.073754871,0.07619205,0.044051565
12/20/2013,0.060817472,0.074145075,0.078237267,0.043640217
12/21/2013,0.061251184,0.073961277,0.075843449,0.043485961
12/22/2013,0.060541677,0.073487084,0.076082377,0.043939938
12/23/2013,0.060525319,0.074382831,0.078142341,0.044174423
12/24/2013,0.060920113,0.073339323,0.077637433,0.042914791
12/25/2013,0.061788808,0.074204649,0.07959539,0.044317935
12/26/2013,0.061652473,0.07433151,0.075826261,0.04374281
12/27/2013,0.061666878,0.074043069,0.076448606,0.044802774
12/28/2013,0.059932321,0.074050881,0.07550188,0.044020558
12/29/2013,0.059951804,0.073974315,0.076824601,0.043490307
12/30/2013,0.060586845,0.074444309,0.077079496,0.044251086
12/31/2013,0.062082572,0.07457913,0.077464232,0.043865667
1/1/2014,0.06075448,0.074319059,0.077034523,0.04308184
1/2/2014,0.062052737,0.074255628,0.077870648,0.043900679
1/3/2014,0.062128668,0.074084526,0.077452659,0.044017091
1/4/2014,0.06188183,0.073684262,0.075902974,0.044325846
1/5/2014,0.061169588,0.073761365,0.074653889,0.044231359
1/6/2014,0.06083549,0.074231212,0.07612442,0.043878314
1/7/2014,0.062807998,0.075034328,0.076953416,0.044901704
1/8/2014,0.062003125,0.073812881,0.078160213,0.044579618
1/9/2014,0.061616192,0.074646809,0.076164071,0.044314957
1/10/2014,0.062516822,0.075023634,0.080416182,0.045117193
1/11/2014,0.061453147,0.075218468,0.078205723,0.044071048
1/12/2014,0.060867718,0.073408711,0.076556521,0.044134577
1/13/2014,0.061036379,0.073962547,0.076296597,0.043323893
1/14/2014,0.060003516,0.073073002,0.075123004,0.04366512
1/15/2014,0.061141413,0.074307095,0.078468871,0.043381073
1/16/2014,0.060398603,0.072555447,0.076803311,0.043618878
1/17/2014,0.061631525,0.074149958,0.078636066,0.044419942
1/18/2014,0.059662288,0.073158894,0.075951902,0.042868939
1/19/2014,0.060506421,0.074215684,0.077986083,0.043824405
1/20/2014,0.060945749,0.074365936,0.075933737,0.044548953
1/21/2014,0.061734655,0.073942429,0.076141169,0.043504077
1/22/2014,0.0599666,0.072442893,0.076272816,0.04452737
1/23/2014,0.062058401,0.074861028,0.076090288,0.043531178
1/24/2014,0.061359246,0.073389716,0.077300942,0.043579228
1/25/2014,0.060732213,0.073937741,0.077263587,0.043670541
1/26/2014,0.061096782,0.072919381,0.07617828,0.044354265
1/27/2014,0.060688754,0.073663607,0.077349968,0.043163826
1/28/2014,0.061176473,0.073996142,0.078569364,0.043382245
1/29/2014,0.059511793,0.07290854,0.076545144,0.043482055
1/30/2014,0.060447776,0.073554129,0.076994043,0.043711998
1/31/2014,0.060217442,0.074481127,0.075764637,0.043922799
2/1/2014,0.059548562,0.07352444,0.076336393,0.044298794
2/2/2014,0.060598613,0.072851702,0.077085698,0.043580448
2/3/2014,0.060196494,0.07402549,0.07664593,0.043656233
2/4/2014,0.060286391,0.072585087,0.076426779,0.043940866
2/5/2014,0.059934225,0.073057327,0.076640803,0.044274769
2/6/2014,0.061804678,0.074442014,0.07739709,0.044164217
2/7/2014,0.059112847,0.073289858,0.075331999,0.04348474
2/8/2014,0.059397969,0.073230822,0.075814298,0.042776796
2/9/2014,0.060978954,0.073033791,0.076008643,0.044228869
2/10/2014,0.061083354,0.073049954,0.076065579,0.04446555
2/11/2014,0.061462132,0.073406514,0.075826261,0.044061575
2/12/2014,0.060133307,0.073294301,0.073827921,0.043316275
2/13/2014,0.061264368,0.073113384,0.074962938,0.043509156
2/14/2014,0.060780263,0.073122027,0.076653401,0.044461106
2/15/2014,0.06164676,0.074135602,0.077575272,0.04488852
2/16/2014,0.060710777,0.07424884,0.076728454,0.043431173
2/17/2014,0.060459495,0.073071488,0.078123248,0.043074857
2/18/2014,0.059831877,0.072287514,0.075140144,0.0438831
2/19/2014,0.061133844,0.073625568,0.075628253,0.043732751
2/20/2014,0.061452268,0.073310757,0.077279311,0.043765272
2/21/2014,0.061099761,0.07463714,0.077050784,0.043688657
2/22/2014,0.06256033,0.074503589,0.077171639,0.044618634
2/23/2014,0.061390449,0.074397236,0.077456223,0.044102739
2/24/2014,0.061978856,0.073719664,0.07619957,0.044268421
2/25/2014,0.062389619,0.07465931,0.07763714,0.044165242
2/26/2014,0.06248474,0.07415743,0.076730211,0.043697104
2/27/2014,0.061558475,0.074549099,0.076468431,0.044009717
2/28/2014,0.061187949,0.074023194,0.076371112,0.043784169
3/1/2014,0.061322721,0.073325114,0.079324235,0.043316178
3/2/2014,0.064162508,0.074464036,0.077923873,0.044519215
3/3/2014,0.060750964,0.07368641,0.077032619,0.044210997
3/4/2014,0.061643049,0.072594414,0.076425704,0.044189365
3/5/2014,0.060911031,0.073554763,0.077087846,0.044403194
3/6/2014,0.061636994,0.072989697,0.076635138,0.043631525
3/7/2014,0.061124274,0.073985741,0.077780165,0.043752722
3/8/2014,0.059525905,0.073180917,0.077122467,0.043032619
3/9/2014,0.061531813,0.073515162,0.076275355,0.043682846
3/10/2014,0.062039162,0.073620001,0.077823429,0.044072464
3/11/2014,0.060093755,0.073071097,0.076261732,0.043243664
3/12/2014,0.061567606,0.073105034,0.076759949,0.044151814
3/13/2014,0.06280419,0.07417955,0.079142439,0.044833146
3/14/2014,0.062655354,0.073911128,0.076428341,0.044194052
3/15/2014,0.062996728,0.074507837,0.076724156,0.045017237
3/16/2014,0.061490795,0.073503052,0.076866595,0.043878754
3/17/2014,0.062047854,0.073398066,0.077161385,0.04430148
3/18/2014,0.061702525,0.074029835,0.077070804,0.044074564
3/19/2014,0.061291811,0.072105865,0.076982226,0.043572049
3/20/2014,0.06270272,0.074609551,0.077440695,0.044793447
3/21/2014,0.060871722,0.073200156,0.076513404,0.044117633
3/22/2014,0.064635578,0.074007325,0.077671371,0.044794326
3/23/2014,0.066212266,0.074822013,0.077531374,0.044725573
3/24/2014,0.066478588,0.073885639,0.076077201,0.044122125
3/25/2014,0.065580253,0.072857708,0.076133258,0.044805313
3/26/2014,0.065417013,0.07433986,0.075785976,0.044496362
3/27/2014,0.066265589,0.072991064,0.077155476,0.04446013
3/28/2014,0.067624249,0.075575858,0.079598418,0.045920406
3/29/2014,0.066468871,0.074468285,0.077672738,0.045562869
3/30/2014,0.065137604,0.073878852,0.078368573,0.044367254
3/31/2014,0.065735583,0.073963475,0.076779091,0.044458421
4/1/2014,0.066109234,0.074162654,0.077072562,0.044460911
4/2/2014,0.067155672,0.073674496,0.077678598,0.044635383
4/3/2014,0.066330338,0.07355242,0.075655501,0.044039748
4/4/2014,0.068132965,0.074011475,0.075496655,0.044563162
4/5/2014,0.066584355,0.073010303,0.076758631,0.044566727
4/6/2014,0.067201182,0.07407056,0.077896382,0.044525612
4/7/2014,0.068267689,0.073837443,0.07666053,0.044427462
4/8/2014,0.068504224,0.075119098,0.077000098,0.044527125
4/9/2014,0.068842863,0.074529909,0.078554666,0.045682455
4/10/2014,0.067404219,0.074792373,0.077085014,0.044808731
4/11/2014,0.067040627,0.073537087,0.076742956,0.045429611
4/12/2014,0.068066165,0.073910054,0.077063968,0.0441524
4/13/2014,0.068803946,0.074259583,0.079601885,0.044310171
4/14/2014,0.06929479,0.073264857,0.076527174,0.044678109
4/15/2014,0.067458763,0.072689145,0.075836271,0.043584013
4/16/2014,0.070135016,0.073865423,0.077007715,0.044880561
4/17/2014,0.06724884,0.073150251,0.0740877,0.044469701
4/18/2014,0.069286196,0.074517701,0.076319645,0.044329948
4/19/2014,0.06977787,0.073782314,0.076916256,0.044804776
4/20/2014,0.068721471,0.074089409,0.076542263,0.044406075
4/21/2014,0.068665658,0.073713316,0.076643,0.044780409
4/22/2014,0.069816397,0.074751697,0.075781972,0.044493237
4/23/2014,0.067803994,0.073469798,0.077166659,0.044139899
4/24/2014,0.06924049,0.0740814,0.076583573,0.044239123
4/25/2014,0.068674935,0.074551199,0.077707456,0.045167684
4/26/2014,0.068176083,0.073137604,0.076443625,0.044162654
4/27/2014,0.068067386,0.07261629,0.076371112,0.044726207
4/28/2014,0.069418233,0.074628351,0.076325407,0.044794668
4/29/2014,0.069051467,0.07377914,0.078400508,0.043939694
4/30/2014,0.070401826,0.0743716,0.077284731,0.044330436
5/1/2014,0.069287758,0.073971971,0.075253723,0.044115826
5/2/2014,0.068654085,0.073699155,0.079297524,0.044243274
5/3/2014,0.070034572,0.073294692,0.07675365,0.044109136
5/4/2014,0.069952341,0.075318766,0.079479857,0.044390156
5/5/2014,0.068787001,0.074185751,0.076678744,0.044258313
5/6/2014,0.069290151,0.073990234,0.075877484,0.044660433
5/7/2014,0.070171883,0.073778895,0.075675228,0.043983739
5/8/2014,0.071072855,0.075283412,0.076105474,0.045734264
5/9/2014,0.070359393,0.073610381,0.07669686,0.044050784
5/10/2014,0.07153069,0.074329752,0.076963817,0.044477367
5/11/2014,0.070353338,0.073251575,0.075815079,0.044368817
5/12/2014,0.07168602,0.074375555,0.078297671,0.045287709
5/13/2014,0.069495776,0.073269203,0.07678329,0.044256409
5/14/2014,0.070388203,0.073628546,0.07542131,0.044430978
5/15/2014,0.071244543,0.074399434,0.076486254,0.045194687
5/16/2014,0.071750769,0.073810684,0.077529958,0.045539919
5/17/2014,0.070197129,0.073786074,0.076173885,0.044355828
5/18/2014,0.071433175,0.07424508,0.077501929,0.045367645
5/19/2014,0.070890668,0.073632502,0.075162459,0.044997949
5/20/2014,0.070182821,0.073545241,0.075842717,0.043988134
5/21/2014,0.070285463,0.074088188,0.077214024,0.044198691
5/22/2014,0.071500464,0.074390839,0.076079643,0.04528478
5/23/2014,0.072053469,0.0747766,0.07684301,0.045189658
5/24/2014,0.070615655,0.073173934,0.076628253,0.044907417
5/25/2014,0.071639875,0.074527418,0.076063284,0.044067581
5/26/2014,0.071236486,0.074888764,0.078636164,0.044439035
5/27/2014,0.070972997,0.075267835,0.077417208,0.044537087
5/28/2014,0.071175057,0.074366473,0.077420382,0.044717076
5/29/2014,0.071217003,0.074022657,0.078479662,0.044959666
5/30/2014,0.073000732,0.074188046,0.074728161,0.044500024
5/31/2014,0.072086088,0.07393276,0.076083598,0.043815958
6/1/2014,0.071549246,0.074636213,0.076730358,0.044629962
6/2/2014,0.071472533,0.073991113,0.075888911,0.044540798
6/3/2014,0.073188095,0.074667953,0.078190048,0.044191025
6/4/2014,0.072480199,0.074222276,0.075743542,0.043244787
6/5/2014,0.07283046,0.075551101,0.076977684,0.04492524
6/6/2014,0.073801553,0.075311783,0.078905366,0.045018849
6/7/2014,0.074228234,0.074386884,0.077436935,0.044323795
6/8/2014,0.074920211,0.075051663,0.076444358,0.045559402
6/9/2014,0.073813565,0.074713365,0.07564007,0.044425265
6/10/2014,0.073850676,0.074473754,0.076319742,0.045284682
6/11/2014,0.074525953,0.073362811,0.078003027,0.04475116
6/12/2014,0.075196836,0.075317935,0.076456956,0.045382782
6/13/2014,0.07510313,0.074037648,0.076395918,0.045430197
6/14/2014,0.073547048,0.074746521,0.076080766,0.045101763
6/15/2014,0.074104937,0.074778163,0.077156306,0.045733874
6/16/2014,0.074145515,0.0753382,0.078136921,0.045528541
6/17/2014,0.073735925,0.075244348,0.077128864,0.045189902
6/18/2014,0.072254944,0.074055178,0.074519605,0.044298794
6/19/2014,0.076605547,0.074370721,0.077859612,0.04606514
6/20/2014,0.073930221,0.074657747,0.07683339,0.044928317
6/21/2014,0.074216905,0.073965526,0.077854339,0.045111382
6/22/2014,0.075319791,0.075100249,0.07820543,0.044946726
6/23/2014,0.075016602,0.075327702,0.075994824,0.044822355
6/24/2014,0.074839396,0.074142243,0.07532653,0.045114117
6/25/2014,0.074835099,0.074067337,0.076237902,0.044606231
6/26/2014,0.074588017,0.075769862,0.07736535,0.045650667
6/27/2014,0.074503931,0.073361932,0.077935251,0.045116607
6/28/2014,0.072593828,0.074809024,0.076488745,0.044826652
6/29/2014,0.07593862,0.074287319,0.076299722,0.045375018
6/30/2014,0.075571463,0.073724742,0.080042385,0.04537912
7/1/2014,0.073050002,0.073331754,0.076548025,0.044762879
7/2/2014,0.074899507,0.074674984,0.076657405,0.045391279
7/3/2014,0.074070609,0.073272865,0.076996533,0.045537184
7/4/2014,0.075970116,0.074037892,0.07535739,0.044714439
7/5/2014,0.075800137,0.073403731,0.076741296,0.044974657
7/6/2014,0.073451389,0.074847063,0.075353435,0.045313004
7/7/2014,0.075855559,0.074521022,0.077732897,0.0450543
7/8/2014,0.076571073,0.074279408,0.075742956,0.044796133
7/9/2014,0.076850676,0.07337077,0.075883735,0.045190634
7/10/2014,0.076416768,0.075023097,0.075661312,0.045351628
7/11/2014,0.075784364,0.073868744,0.075499829,0.044981835
7/12/2014,0.07568851,0.074756629,0.076398603,0.044773133
7/13/2014,0.075298794,0.074691489,0.076374139,0.045142292
7/14/2014,0.076306509,0.07443381,0.077586454,0.04506348
7/15/2014,0.078937741,0.074512818,0.078529616,0.045197129
7/16/2014,0.08147263,0.073663509,0.076272425,0.045967235
7/17/2014,0.080389179,0.074070023,0.078105425,0.045522975
7/18/2014,0.08096118,0.075373065,0.076639973,0.046269056
7/19/2014,0.081403486,0.074506617,0.075456468,0.045380487
7/20/2014,0.079973143,0.073938522,0.076185165,0.045731432
7/21/2014,0.080761805,0.074544656,0.076072611,0.046785243
7/22/2014,0.08166971,0.074187704,0.076674642,0.044866693
7/23/2014,0.078493432,0.074443674,0.077291811,0.045972899
7/24/2014,0.081674496,0.073788466,0.076077641,0.045997949
7/25/2014,0.081471361,0.074072074,0.077788417,0.046081547
7/26/2014,0.080105572,0.073999219,0.077928121,0.045425021
7/27/2014,0.080792373,0.074758435,0.079311392,0.045839787
7/28/2014,0.080128668,0.074860442,0.07619498,0.046542458
7/29/2014,0.081803897,0.074634845,0.075421261,0.046226036
7/30/2014,0.081936276,0.074587675,0.07773988,0.04735158
7/31/2014,0.080619171,0.073380927,0.074950535,0.046037844
8/1/2014,0.079798867,0.073851995,0.075386933,0.045892036
8/2/2014,0.081449387,0.073905171,0.076793496,0.046210362
8/3/2014,0.081730211,0.073651936,0.077263001,0.04746599
8/4/2014,0.080719518,0.07415782,0.075544363,0.045434982
8/5/2014,0.07943049,0.073573758,0.074184775,0.046089946
8/6/2014,0.082136139,0.073939597,0.076535524,0.045996191
8/7/2014,0.081461106,0.073274183,0.07612652,0.046789736
8/8/2014,0.080749597,0.075134333,0.07730983,0.045636896
8/9/2014,0.079212803,0.075180868,0.078229455,0.0455219
8/10/2014,0.078344109,0.074184042,0.07900376,0.046180526
8/11/2014,0.080395625,0.074687729,0.075580546,0.046580985
8/12/2014,0.078902876,0.074109087,0.076492553,0.045755554
8/13/2014,0.080183554,0.073993847,0.076043947,0.045640949
8/14/2014,0.081033644,0.075282338,0.0777119,0.046037111
8/15/2014,0.080960008,0.075388398,0.075937839,0.046347185
8/16/2014,0.079131159,0.074707505,0.075866302,0.046034181
8/17/2014,0.080047561,0.074673763,0.077596514,0.045748279
8/18/2014,0.080320377,0.073949265,0.075122516,0.045169686
8/19/2014,0.080346208,0.074697983,0.07558289,0.045737731
8/20/2014,0.080117633,0.07390771,0.075981786,0.046370428
8/21/2014,0.080849895,0.07464344,0.075941794,0.046081498
8/22/2014,0.081832658,0.073369305,0.075323942,0.045669808
8/23/2014,0.081479955,0.075082865,0.076859124,0.046329508
8/24/2014,0.080632306,0.07346599,0.076004395,0.045624982
8/25/2014,0.080519752,0.076579911,0.077211631,0.046528248
8/26/2014,0.080937888,0.074445969,0.076788759,0.046423605
8/27/2014,0.080571122,0.074969725,0.077288735,0.046131549
8/28/2014,0.081550955,0.074749597,0.075689389,0.046806094
8/29/2014,0.081897944,0.074128571,0.078473949,0.045747107
8/30/2014,0.082332487,0.075155135,0.077083403,0.04672943
8/31/2014,0.081075492,0.075200596,0.076424435,0.046210313
9/1/2014,0.080710289,0.074893257,0.075367401,0.045915523
9/2/2014,0.081561356,0.075786318,0.076901802,0.046507886
9/3/2014,0.082790419,0.074436496,0.076136579,0.045343523
9/4/2014,0.081433761,0.074346697,0.075653694,0.045165438
9/5/2014,0.08377997,0.076012354,0.077267201,0.046647004
9/6/2014,0.085706138,0.074826945,0.076989599,0.046757898
9/7/2014,0.090003858,0.075245715,0.076363152,0.047690024
9/8/2014,0.11648894,0.077490893,0.080991748,0.050848381
9/9/2014,0.119798232,0.078151765,0.081442795,0.051279799
9/10/2014,0.120306851,0.077347136,0.078224376,0.051187802
9/11/2014,0.118443918,0.07796284,0.079338737,0.051342985
9/12/2014,0.117357049,0.076853362,0.07821334,0.051337663
9/13/2014,0.12105176,0.077386933,0.079107574,0.049967479
9/14/2014,0.117350505,0.077880951,0.079478637,0.051568778
9/15/2014,0.115163924,0.078152547,0.08093696,0.050454319
9/16/2014,0.12101084,0.077503003,0.078685092,0.051003662
9/17/2014,0.11763924,0.081853997,0.080246203,0.050944577
9/18/2014,0.117974852,0.077084916,0.077901069,0.050647102
9/19/2014,0.118264759,0.077643195,0.079768592,0.051685532
9/20/2014,0.118874701,0.077746179,0.079317935,0.051028468
9/21/2014,0.118471556,0.077735241,0.077475804,0.050527809
9/22/2014,0.113744177,0.077392451,0.079645344,0.051416866
9/23/2014,0.11534362,0.0776764,0.077956931,0.050901558
9/24/2014,0.115384784,0.07752527,0.078694468,0.05123048
9/25/2014,0.117729284,0.077455247,0.079201816,0.050648957
9/26/2014,0.114375946,0.076899897,0.078410665,0.05154407
9/27/2014,0.115795156,0.076640803,0.077752429,0.050335075
9/28/2014,0.113907417,0.077302603,0.077197471,0.050904829
9/29/2014,0.114880902,0.077724694,0.078469847,0.05053235
9/30/2014,0.113596221,0.077581181,0.079287172,0.051858587
10/1/2014,0.117948337,0.078268665,0.079850139,0.051402363
10/2/2014,0.117312076,0.077459104,0.078770594,0.05180126
10/3/2014,0.115172714,0.078393379,0.079338786,0.05185468
10/4/2014,0.115089311,0.077528981,0.077417013,0.051185751
10/5/2014,0.116395576,0.077678158,0.077428341,0.050379706
10/6/2014,0.116239904,0.077668197,0.078247912,0.051777821
10/7/2014,0.109654085,0.077850383,0.079968748,0.050906343
10/8/2014,0.113897358,0.077959471,0.078255872,0.050617218
10/9/2014,0.110439963,0.0772568,0.078414132,0.050617706
10/10/2014,0.111181796,0.07837995,0.078590214,0.051148982
10/11/2014,0.109778993,0.078017042,0.079448655,0.049808145
10/12/2014,0.110096196,0.077292983,0.079158455,0.050087944
10/13/2014,0.110495532,0.077983788,0.078265882,0.051346843
10/14/2014,0.103776014,0.0768497,0.07861795,0.050460618
10/15/2014,0.10159041,0.07582006,0.077956639,0.050430343
10/16/2014,0.106604717,0.0772714,0.079289272,0.051177938
10/17/2014,0.10430148,0.077757605,0.077362274,0.050452366
10/18/2014,0.104157234,0.077200742,0.078032423,0.050594853
10/19/2014,0.10005928,0.078181991,0.079260706,0.050198057
10/20/2014,0.101470482,0.078831291,0.077209239,0.050646418
10/21/2014,0.10119542,0.078099224,0.07852234,0.049795449
10/22/2014,0.10338581,0.077847942,0.078326139,0.049514136
10/23/2014,0.100474828,0.078354168,0.079523121,0.050326969
10/24/2014,0.101996338,0.077995019,0.079740319,0.050997412
10/25/2014,0.096235412,0.07825304,0.078930124,0.049564041
10/26/2014,0.102075394,0.077923971,0.077590947,0.050572245
10/27/2014,0.100905269,0.077889545,0.079417501,0.049661702
10/28/2014,0.09795283,0.077480639,0.078477074,0.050203574
10/29/2014,0.099163973,0.078358318,0.0771023,0.050184482
10/30/2014,0.098115972,0.077720689,0.078838029,0.050234631
10/31/2014,0.096341374,0.078321305,0.079872748,0.050584013
11/1/2014,0.094585038,0.076390107,0.077991162,0.04949104
11/2/2014,0.092749304,0.076862786,0.077665218,0.049431857
11/3/2014,0.092946042,0.078137946,0.077772352,0.050036232
11/4/2014,0.0917474,0.078314224,0.078393965,0.050164119
11/5/2014,0.091416134,0.07605259,0.078448948,0.048903706
11/6/2014,0.089955125,0.077926364,0.078701499,0.049496313
11/7/2014,0.088094341,0.077801895,0.081670687,0.050619269
11/8/2014,0.088086772,0.0773528,0.078826261,0.048751062
11/9/2014,0.085104497,0.077031545,0.077747742,0.049335319
11/10/2014,0.084900044,0.077033693,0.077205381,0.047848967
11/11/2014,0.084327409,0.077096538,0.079390742,0.048744665
11/12/2014,0.084264222,0.076825382,0.077123834,0.048676937
11/13/2014,0.083739538,0.077031837,0.079500855,0.050189023
11/14/2014,0.083937057,0.078040578,0.080859075,0.048612676
11/15/2014,0.083750916,0.077686703,0.078006397,0.048636701
11/16/2014,0.081598711,0.077285024,0.077984374,0.049520045
11/17/2014,0.082108648,0.077378583,0.077854827,0.049173837
11/18/2014,0.082468236,0.077610528,0.078492749,0.048213389
11/19/2014,0.0807766,0.077976806,0.077722301,0.048178476
11/20/2014,0.080042824,0.078921578,0.079844475,0.048320572
11/21/2014,0.081641633,0.078958885,0.07830607,0.049013624
11/22/2014,0.081171542,0.078601348,0.081648372,0.048306314
11/23/2014,0.079933932,0.077610333,0.078893012,0.048856194
11/24/2014,0.079498462,0.0787975,0.080790468,0.048006739
11/25/2014,0.079186923,0.078222765,0.078643879,0.048924899
11/26/2014,0.076784316,0.077728063,0.078352263,0.048102105
11/27/2014,0.079159334,0.078453049,0.077934274,0.048655354
11/28/2014,0.078235119,0.079304702,0.07814571,0.047830265
11/29/2014,0.078038918,0.077469164,0.078423263,0.048030666
11/30/2014,0.076976415,0.078207334,0.079762977,0.048329069
12/1/2014,0.07928644,0.078497485,0.080137995,0.048138776
12/2/2014,0.077523024,0.07836491,0.078592168,0.047164559
12/3/2014,0.079712486,0.079221349,0.07824884,0.048192929
12/4/2014,0.077913131,0.077096929,0.079671615,0.048079838
12/5/2014,0.077409346,0.078640021,0.082111285,0.047962401
12/6/2014,0.078835051,0.077885785,0.079052737,0.048278725
12/7/2014,0.079492407,0.077421896,0.077723766,0.047779286
12/8/2014,0.079560916,0.077910445,0.077346697,0.048014454
12/9/2014,0.08071063,0.077490014,0.079501929,0.048853118
12/10/2014,0.080806387,0.078310855,0.079500024,0.048306216
12/11/2014,0.080193125,0.077518971,0.079500806,0.04772528
12/12/2014,0.081074076,0.078230236,0.077591142,0.047874213
12/13/2014,0.078806241,0.076799795,0.078004297,0.047721813
12/14/2014,0.081469798,0.077626593,0.081328092,0.047721959
12/15/2014,0.08140876,0.078920113,0.078682211,0.047711851
12/16/2014,0.081142097,0.078544314,0.080208995,0.047325065
12/17/2014,0.081599346,0.077586796,0.079313638,0.048012305
12/18/2014,0.081001807,0.076821671,0.078357586,0.047746521
12/19/2014,0.083338835,0.07782963,0.079428585,0.048453489
12/20/2014,0.082251282,0.07770023,0.077868988,0.04743132
12/21/2014,0.082968748,0.078229796,0.078004248,0.047649788
12/22/2014,0.084149275,0.077959422,0.079945407,0.047945066
12/23/2014,0.084307974,0.078093413,0.079987353,0.049232726
12/24/2014,0.083196103,0.077060403,0.079214464,0.047122711
12/25/2014,0.084338249,0.077369207,0.078494702,0.047340251
12/26/2014,0.084135553,0.076725133,0.078848235,0.046430734
12/27/2014,0.08273109,0.078387519,0.080119342,0.04786303
12/28/2014,0.083303775,0.077277015,0.07878749,0.047167928
12/29/2014,0.083897554,0.077789345,0.080660286,0.047343278
12/30/2014,0.084586699,0.077352263,0.080027638,0.047384833
12/31/2014,0.084382148,0.079151765,0.080029298,0.047330094
1/1/2015,0.084469798,0.078823282,0.079579862,0.048368963
1/2/2015,0.084915279,0.077520289,0.078333171,0.046816104
1/3/2015,0.085803408,0.078591826,0.08027223,0.047982079
1/4/2015,0.086531764,0.078721617,0.078651204,0.047992968
1/5/2015,0.084736462,0.077845696,0.078569461,0.047834904
1/6/2015,0.086028029,0.079540065,0.081543288,0.047651399
1/7/2015,0.101581376,0.078722057,0.080677133,0.048299429
1/8/2015,0.101787636,0.079343034,0.080434006,0.049179354
1/9/2015,0.100047854,0.07984594,0.081560867,0.049524196
1/10/2015,0.104878314,0.080978954,0.081317984,0.048865277
1/11/2015,0.102000195,0.078914888,0.080259534,0.048536452
1/12/2015,0.10476117,0.080875726,0.081968846,0.04954153
1/13/2015,0.107024659,0.079254651,0.081654329,0.050015919
1/14/2015,0.104505054,0.080736901,0.082294985,0.049033888
1/15/2015,0.108300112,0.079697251,0.080102153,0.049802481
1/16/2015,0.10716119,0.08006929,0.080760975,0.04979623
1/17/2015,0.109988427,0.079710679,0.080055618,0.049893061
1/18/2015,0.10994111,0.079269105,0.082448411,0.048684653
1/19/2015,0.11441628,0.079058938,0.082436154,0.049787148
1/20/2015,0.111668831,0.080399287,0.081021046,0.049893061
1/21/2015,0.114848479,0.081224376,0.081402949,0.050538015
1/22/2015,0.116939401,0.080507105,0.08171859,0.050402559
1/23/2015,0.116761463,0.080981737,0.081534987,0.050041311
1/24/2015,0.116307144,0.080653889,0.084022902,0.051400313
1/25/2015,0.1167933,0.081118902,0.081461058,0.050205674
1/26/2015,0.118256897,0.080623566,0.081810977,0.050890522
1/27/2015,0.117904927,0.082303726,0.081321842,0.05070521
1/28/2015,0.118565164,0.0811524,0.082331608,0.050468773
1/29/2015,0.119006201,0.081722643,0.082806143,0.051852044
1/30/2015,0.118338249,0.080355877,0.081375018,0.051325944
1/31/2015,0.116808487,0.079584404,0.082858929,0.050096929
2/1/2015,0.121973973,0.081127643,0.082925729,0.051128864
2/2/2015,0.124007618,0.082104693,0.081610479,0.051574686
2/3/2015,0.123534889,0.080721031,0.082274037,0.051297475
2/4/2015,0.123793398,0.081947947,0.083086674,0.052141657
2/5/2015,0.12061585,0.081254798,0.084507788,0.051176132
2/6/2015,0.117394453,0.081207969,0.08176659,0.050391962
2/7/2015,0.115647981,0.080292397,0.081819669,0.051211241
2/8/2015,0.117355926,0.081128961,0.082251379,0.051345085
2/9/2015,0.118124518,0.082358562,0.083463987,0.0524071
2/10/2015,0.122177597,0.081792666,0.082871966,0.051331852
2/11/2015,0.117301626,0.08082128,0.081810733,0.051711314
2/12/2015,0.115616388,0.080340153,0.082822941,0.051108404
2/13/2015,0.117799551,0.080487524,0.082413985,0.051529616
2/14/2015,0.115368914,0.080998975,0.083001807,0.051351775
2/15/2015,0.120122858,0.083001856,0.084477514,0.051844231
2/16/2015,0.118867718,0.080935788,0.08192275,0.050884125
2/17/2015,0.11673568,0.08106304,0.08310562,0.051275258
2/18/2015,0.116298159,0.080722936,0.081164754,0.050291958
2/19/2015,0.111427951,0.081708384,0.082621173,0.05178456
2/20/2015,0.11010523,0.079961326,0.084504029,0.050485375
2/21/2015,0.109205723,0.080546609,0.082650227,0.050537819
2/22/2015,0.108981298,0.081071634,0.082357732,0.051830021
2/23/2015,0.109601348,0.081302066,0.083858196,0.050888666
2/24/2015,0.108696567,0.080595781,0.082922506,0.051471507
2/25/2015,0.118751306,0.082500024,0.084676449,0.053531276
2/26/2015,0.121937936,0.081891157,0.084303482,0.052457347
2/27/2015,0.11608809,0.083803897,0.085197715,0.053210167
2/28/2015,0.114811417,0.083280043,0.084911861,0.054154207
3/1/2015,0.115963621,0.08255867,0.084784853,0.05349187
3/2/2015,0.112430734,0.083181161,0.086206455,0.053190927
3/3/2015,0.109865716,0.084053323,0.084665658,0.053132428
3/4/2015,0.111517994,0.08417579,0.085785292,0.053071293
3/5/2015,0.113187997,0.084209678,0.086552517,0.05392402
3/6/2015,0.110351287,0.084031642,0.085571512,0.053691733
3/7/2015,0.108665462,0.085231212,0.085305679,0.053981933
3/8/2015,0.110589824,0.085215489,0.085306411,0.053958934
3/9/2015,0.112854583,0.084756336,0.085695298,0.054153181
3/10/2015,0.113290493,0.086041408,0.087732018,0.053963426
3/11/2015,0.112405293,0.085146589,0.085288198,0.055116217
3/12/2015,0.111487817,0.086653108,0.08842048,0.055168709
3/13/2015,0.112502222,0.085334196,0.086621612,0.054250012
3/14/2015,0.116935202,0.086315494,0.088653108,0.056617462
3/15/2015,0.112345329,0.087080717,0.086427951,0.055072855
3/16/2015,0.105559793,0.085828165,0.087952976,0.053688022
3/17/2015,0.101247961,0.087511304,0.089259485,0.055313394
3/18/2015,0.098987255,0.088471263,0.090072806,0.054718687
3/19/2015,0.095559451,0.086468871,0.088816202,0.055151423
3/20/2015,0.094821427,0.089184384,0.090852288,0.054422872
3/21/2015,0.093979345,0.087965623,0.090681869,0.054724352
3/22/2015,0.092086967,0.088622394,0.0890647,0.054203526
3/23/2015,0.093622198,0.090122711,0.091606084,0.054019728
3/24/2015,0.093140632,0.088547683,0.090853411,0.053908443
3/25/2015,0.093391865,0.088215636,0.09190356,0.053730846
3/26/2015,0.097413546,0.091543191,0.092234582,0.054945261
3/27/2015,0.099353142,0.090292739,0.092094731,0.054913716
3/28/2015,0.10904595,0.092579667,0.094416866,0.055274965
3/29/2015,0.115108501,0.091403779,0.094160408,0.054265882
3/30/2015,0.122505103,0.093486596,0.093925485,0.05558621
3/31/2015,0.129758973,0.094758045,0.09573402,0.057060403
4/1/2015,0.133617169,0.094243518,0.096893891,0.055239807
4/2/2015,0.13430231,0.095111675,0.098137897,0.056937985
4/3/2015,0.134588066,0.092488012,0.095479418,0.056694565
4/4/2015,0.129727086,0.093704966,0.096511402,0.056030324
4/5/2015,0.124107378,0.093444846,0.097365496,0.055353582
4/6/2015,0.12941794,0.095920846,0.100479125,0.056513209
4/7/2015,0.13104175,0.094329948,0.098034426,0.05541296
4/8/2015,0.130305777,0.09500669,0.09838288,0.057173788
4/9/2015,0.140656917,0.097039504,0.100092338,0.057948093
4/10/2015,0.132394013,0.098059524,0.102923238,0.057876947
4/11/2015,0.127039748,0.096234826,0.101684799,0.059677719
4/12/2015,0.13002881,0.095877435,0.100463695,0.059381317
4/13/2015,0.125176473,0.098178134,0.102658821,0.060331461
4/14/2015,0.129894819,0.099618976,0.103181161,0.061055911
4/15/2015,0.126216173,0.100431027,0.106052932,0.062396406
4/16/2015,0.135440695,0.101704331,0.106483324,0.064628009
4/17/2015,0.133542116,0.101458421,0.107549099,0.065816348
4/18/2015,0.12993945,0.103160799,0.106589091,0.064477367
4/19/2015,0.129249573,0.104092485,0.109174081,0.064373163
4/20/2015,0.122241613,0.104557986,0.110118023,0.063874213
4/21/2015,0.116118805,0.103586992,0.110326481,0.062111724
4/22/2015,0.122882465,0.104098979,0.110857171,0.063451878
4/23/2015,0.132515943,0.104915865,0.111110015,0.065043361
4/24/2015,0.130166268,0.10209644,0.11018497,0.060789687
4/25/2015,0.138489184,0.102034914,0.109608623,0.062675472
4/26/2015,0.145769081,0.105228869,0.113386298,0.063052004
4/27/2015,0.151883442,0.104712144,0.11432023,0.063509107
4/28/2015,0.165063187,0.105110699,0.113724889,0.064146052
4/29/2015,0.18908643,0.106937302,0.112925143,0.069001172
4/30/2015,0.149938132,0.106621857,0.115554715,0.06563592
5/1/2015,0.148285268,0.104881488,0.117741101,0.068802871
5/2/2015,0.148383515,0.107329557,0.119264368,0.06986513
5/3/2015,0.129034523,0.104226134,0.116373944,0.066104741
5/4/2015,0.1258831,0.106343864,0.117387714,0.066913424
5/5/2015,0.131924264,0.105998486,0.118086625,0.068882514
5/6/2015,0.129672396,0.107251428,0.119396992,0.068999365
5/7/2015,0.151879682,0.108574686,0.120528395,0.070504712
5/8/2015,0.145859222,0.108005274,0.120645442,0.0686409
5/9/2015,0.160894819,0.108649202,0.121147322,0.07063089
5/10/2015,0.142882465,0.11087099,0.125691196,0.070584843
5/11/2015,0.129449045,0.109216368,0.125215636,0.068336784
5/12/2015,0.12356951,0.103719469,0.120506568,0.067480736
5/13/2015,0.124539528,0.102203916,0.118992822,0.067355926
5/14/2015,0.139823722,0.109220177,0.121684018,0.073732604
5/15/2015,0.160900142,0.114048635,0.123723619,0.078551785
5/16/2015,0.177413448,0.113498022,0.122518482,0.079301333
5/17/2015,0.153324381,0.106463597,0.115635724,0.074150154
5/18/2015,0.179449729,0.10982587,0.115633869,0.076730504
5/19/2015,0.155624103,0.097835099,0.108144245,0.072307388
5/20/2015,0.171799697,0.097441379,0.101446311,0.075334294
5/21/2015,0.162950144,0.096347234,0.096860198,0.071860247
5/22/2015,0.197247375,0.107477953,0.101606084,0.079206993
5/23/2015,0.155043703,0.102844963,0.097094975,0.073438791
5/24/2015,0.172428927,0.126711509,0.119740075,0.081871136
5/25/2015,0.204114263,0.136380829,0.132698667,0.08884633
5/26/2015,0.183007715,0.146808145,0.1496305,0.086437814
5/27/2015,0.182316178,0.113391816,0.135480541,0.077442795
5/28/2015,0.194765614,0.112526198,0.120892036,0.074100347
5/29/2015,0.230143611,0.139450803,0.133158406,0.086278676
5/30/2015,0.228028956,0.146290835,0.132954685,0.087875629
5/31/2015,0.280399092,0.14384384,0.130073295,0.090881537
6/1/2015,0.253955515,0.115856341,0.12070604,0.087100005
6/2/2015,0.255119537,0.118553689,0.125339616,0.095049026
6/3/2015,0.269338591,0.149216807,0.146117144,0.106209678
6/4/2015,0.294230626,0.152531374,0.147832365,0.109945163
6/5/2015,0.299841936,0.128477514,0.122274232,0.098601641
6/6/2015,0.248544509,0.107334001,0.095036721,0.090740612
6/7/2015,0.329182187,0.152795303,0.134077103,0.102279359
6/8/2015,0.416708531,0.14992109,0.142586845,0.095358953
6/9/2015,0.351951609,0.132497632,0.127528444,0.111187021
6/10/2015,0.33826471,0.136772059,0.118171981,0.116861126
6/11/2015,0.301343864,0.140435812,0.111462767,0.114495434
6/12/2015,0.453335466,0.161016358,0.137440158,0.119047366
6/13/2015,0.337582548,0.13239958,0.144992334,0.092124567
6/14/2015,0.351111382,0.152266126,0.151299478,0.100817423
6/15/2015,0.001856829,0.003731579,0.003655891,0.001785927
6/16/2015,0.001168368,0.000767127,0.000716099,0.00169852
