,ds,trend,yhat_lower,yhat_upper,trend_lower,trend_upper,additive_terms,additive_terms_lower,additive_terms_upper,multiplicative_terms,multiplicative_terms_lower,multiplicative_terms_upper,yhat,fact
0,2022-03-02 22:29:05,71.73361698087578,71.72422584309689,71.74271433883087,71.73361698087578,71.73361698087578,0.0,0.0,0.0,0.0,0.0,0.0,71.73361698087578,71.73239000000001
1,2022-03-02 22:29:06,71.73624274484828,71.7273891571551,71.74497250367793,71.73624274484828,71.73624274484828,0.0,0.0,0.0,0.0,0.0,0.0,71.73624274484828,71.73654
2,2022-03-02 22:29:07,71.73886850882077,71.72857784067882,71.74805095050671,71.73886850882077,71.73886850882077,0.0,0.0,0.0,0.0,0.0,0.0,71.73886850882077,71.74046
3,2022-03-02 22:29:08,71.74149427279328,71.73237488876015,71.74942719949533,71.74149427279328,71.74149427279328,0.0,0.0,0.0,0.0,0.0,0.0,71.74149427279328,71.74285
4,2022-03-02 22:29:09,71.74412003676576,71.73365205905641,71.75301516647015,71.74412003676576,71.74412003676576,0.0,0.0,0.0,0.0,0.0,0.0,71.74412003676576,71.74553
5,2022-03-02 22:29:10,71.74674580073827,71.73582557225467,71.7565598266362,71.74674580073827,71.74674580073827,0.0,0.0,0.0,0.0,0.0,0.0,71.74674580073827,71.74876
6,2022-03-02 22:29:11,71.74937156471076,71.7397627594968,71.75871403814027,71.74937156471076,71.74937156471076,0.0,0.0,0.0,0.0,0.0,0.0,71.74937156471076,71.74905
7,2022-03-02 22:29:12,71.75199732868326,71.74202458329995,71.76077033373775,71.75199732868326,71.75199732868326,0.0,0.0,0.0,0.0,0.0,0.0,71.75199732868326,71.74909
8,2022-03-02 22:29:13,71.75462309265575,71.74619815835041,71.76543060085628,71.75462309265575,71.75462309265575,0.0,0.0,0.0,0.0,0.0,0.0,71.75462309265575,71.75081999999999
9,2022-03-02 22:29:14,71.75724885662825,71.74686307550967,71.76467789609691,71.75724885662825,71.75724885662825,0.0,0.0,0.0,0.0,0.0,0.0,71.75724885662825,71.75301999999999
10,2022-03-02 22:29:15,71.75987462060074,71.75109611051975,71.76795069598012,71.75987462060074,71.75987462060074,0.0,0.0,0.0,0.0,0.0,0.0,71.75987462060074,71.76066
11,2022-03-02 22:29:16,71.76250038457323,71.75389507393892,71.77081487190549,71.76250038457323,71.76250038457323,0.0,0.0,0.0,0.0,0.0,0.0,71.76250038457323,71.76131
12,2022-03-02 22:29:17,71.76512614854573,71.7555610776486,71.77369771527849,71.76512614854573,71.76512614854573,0.0,0.0,0.0,0.0,0.0,0.0,71.76512614854573,71.76144000000001
13,2022-03-02 22:29:18,71.76775191251822,71.75997193381004,71.77805861820347,71.76775191251822,71.76775191251822,0.0,0.0,0.0,0.0,0.0,0.0,71.76775191251822,71.76366
14,2022-03-02 22:29:19,71.77037767649072,71.7626660323037,71.78003535201165,71.77037767649072,71.77037767649072,0.0,0.0,0.0,0.0,0.0,0.0,71.77037767649072,71.7731
15,2022-03-02 22:29:20,71.77300344046321,71.7639031543974,71.78299073426176,71.77300344046321,71.77300344046321,0.0,0.0,0.0,0.0,0.0,0.0,71.77300344046321,71.78004
16,2022-03-02 22:29:21,71.77562920443572,71.76631748843593,71.7859612831841,71.77562920443572,71.77562920443572,0.0,0.0,0.0,0.0,0.0,0.0,71.77562920443572,71.78027
17,2022-03-02 22:29:22,71.7782549684082,71.76958153205102,71.78823456467937,71.7782549684082,71.7782549684082,0.0,0.0,0.0,0.0,0.0,0.0,71.7782549684082,71.78055
18,2022-03-02 22:29:23,71.78088073238071,71.76941713076846,71.7900134901489,71.78088073238071,71.78088073238071,0.0,0.0,0.0,0.0,0.0,0.0,71.78088073238071,71.7806
19,2022-03-02 22:29:24,71.78220340770467,71.77382791851144,71.79275783106326,71.78220340770467,71.78220340770467,0.0,0.0,0.0,0.0,0.0,0.0,71.78220340770467,71.78105
20,2022-03-02 22:29:25,71.78352608302863,71.77452560911514,71.79156227007363,71.78352608302863,71.78352608302863,0.0,0.0,0.0,0.0,0.0,0.0,71.78352608302863,71.78228
21,2022-03-02 22:29:26,71.78484875835258,71.77622688945837,71.79413776532401,71.78484875835258,71.78484875835258,0.0,0.0,0.0,0.0,0.0,0.0,71.78484875835258,71.78279
22,2022-03-02 22:29:27,71.78617143367654,71.77749715835112,71.79479368944457,71.78617143367654,71.78617143367654,0.0,0.0,0.0,0.0,0.0,0.0,71.78617143367654,71.7839
23,2022-03-02 22:29:28,71.78749410900052,71.7781525488506,71.7951386012461,71.78749410900052,71.78749410900052,0.0,0.0,0.0,0.0,0.0,0.0,71.78749410900052,71.78553000000001
24,2022-03-02 22:29:30,71.79013945964843,71.78264153479608,71.79799691508416,71.79013945964843,71.79013945964843,0.0,0.0,0.0,0.0,0.0,0.0,71.79013945964843,71.79337
25,2022-03-02 22:29:31,71.79146213497239,71.78349925233123,71.80102962773906,71.79146213497239,71.79146213497239,0.0,0.0,0.0,0.0,0.0,0.0,71.79146213497239,71.79406
26,2022-03-02 22:29:32,71.79278481029637,71.78401023454859,71.80165442710808,71.79278481029637,71.79278481029637,0.0,0.0,0.0,0.0,0.0,0.0,71.79278481029637,71.79542
27,2022-03-02 22:29:33,71.79410748562033,71.78581792361632,71.8022843777728,71.79410748562033,71.79410748562033,0.0,0.0,0.0,0.0,0.0,0.0,71.79410748562033,71.79646
28,2022-03-02 22:29:34,71.79543016094428,71.78695805817851,71.8046177899963,71.79543016094428,71.79543016094428,0.0,0.0,0.0,0.0,0.0,0.0,71.79543016094428,71.79647
29,2022-03-02 22:29:35,71.79675283626824,71.78680019855085,71.80814862953946,71.79675283626824,71.79675283626824,0.0,0.0,0.0,0.0,0.0,0.0,71.79675283626824,71.79793000000001
30,2022-03-02 22:29:36,71.7980755115922,71.78908433759683,71.80886424118785,71.7980755115922,71.7980755115922,0.0,0.0,0.0,0.0,0.0,0.0,71.7980755115922,71.79892
31,2022-03-02 22:29:37,71.79939818691618,71.78877698412872,71.80679288656236,71.79939818691618,71.79939818691618,0.0,0.0,0.0,0.0,0.0,0.0,71.79939818691618,71.79949
32,2022-03-02 22:29:38,71.80072086224013,71.79100090579706,71.81064210349628,71.80072086224013,71.80072086224013,0.0,0.0,0.0,0.0,0.0,0.0,71.80072086224013,71.79978
33,2022-03-02 22:29:39,71.80204353756409,71.7930681269973,71.81123714213453,71.80204353756409,71.80204353756409,0.0,0.0,0.0,0.0,0.0,0.0,71.80204353756409,71.80254000000001
34,2022-03-02 22:29:40,71.80336621288805,71.79218100242025,71.81153111735595,71.80336621288805,71.80336621288805,0.0,0.0,0.0,0.0,0.0,0.0,71.80336621288805,71.80266
35,2022-03-02 22:29:41,71.80468888821201,71.79509467300244,71.81295216463921,71.80468888821201,71.80468888821201,0.0,0.0,0.0,0.0,0.0,0.0,71.80468888821201,71.8034
36,2022-03-02 22:29:42,71.80601156353598,71.79750887596354,71.81639664449946,71.80601156353598,71.80601156353598,0.0,0.0,0.0,0.0,0.0,0.0,71.80601156353598,71.80541
37,2022-03-02 22:29:43,71.80671124232514,71.79609425120344,71.81795628335125,71.80671124232514,71.80671124232514,0.0,0.0,0.0,0.0,0.0,0.0,71.80671124232514,71.80556999999999
38,2022-03-02 22:29:44,71.80741092111428,71.80008930154713,71.81628959058851,71.80741092111428,71.80741092111428,0.0,0.0,0.0,0.0,0.0,0.0,71.80741092111428,71.80611
39,2022-03-02 22:29:45,71.80811059990344,71.79925189770964,71.81671592802954,71.80811059990344,71.80811059990344,0.0,0.0,0.0,0.0,0.0,0.0,71.80811059990344,71.80676
40,2022-03-02 22:29:46,71.80881027869259,71.79810653962322,71.8174411802816,71.80881027869259,71.80881027869259,0.0,0.0,0.0,0.0,0.0,0.0,71.80881027869259,71.80686999999999
41,2022-03-02 22:29:47,71.80950995748177,71.79996222877884,71.81738957077683,71.80950995748177,71.80950995748177,0.0,0.0,0.0,0.0,0.0,0.0,71.80950995748177,71.80807
42,2022-03-02 22:29:48,71.81020963627091,71.80126417957587,71.8197998354307,71.81020963627091,71.81020963627091,0.0,0.0,0.0,0.0,0.0,0.0,71.81020963627091,71.80895
43,2022-03-02 22:29:49,71.81090931506007,71.80273876620926,71.8189420985462,71.81090931506007,71.81090931506007,0.0,0.0,0.0,0.0,0.0,0.0,71.81090931506007,71.81111
44,2022-03-02 22:29:50,71.81160899384922,71.80090466211725,71.82040041252102,71.81160899384922,71.81160899384922,0.0,0.0,0.0,0.0,0.0,0.0,71.81160899384922,71.81114000000001
45,2022-03-02 22:29:51,71.81230867263838,71.80226490136533,71.82032307444017,71.81230867263838,71.81230867263838,0.0,0.0,0.0,0.0,0.0,0.0,71.81230867263838,71.81178
46,2022-03-02 22:29:52,71.81300835142754,71.80355582541067,71.82304378792297,71.81300835142754,71.81300835142754,0.0,0.0,0.0,0.0,0.0,0.0,71.81300835142754,71.81186
47,2022-03-02 22:29:53,71.81370803021669,71.80344537552126,71.8210590026064,71.81370803021669,71.81370803021669,0.0,0.0,0.0,0.0,0.0,0.0,71.81370803021669,71.81374
48,2022-03-02 22:29:54,71.81440770900585,71.80449489146412,71.8248434598763,71.81440770900585,71.81440770900585,0.0,0.0,0.0,0.0,0.0,0.0,71.81440770900585,71.81586
49,2022-03-02 22:29:55,71.815107387795,71.8068436171758,71.82515634806316,71.815107387795,71.815107387795,0.0,0.0,0.0,0.0,0.0,0.0,71.815107387795,71.81634
50,2022-03-02 22:29:56,71.81580706658416,71.80767625823722,71.82622622205028,71.81580706658416,71.81580706658416,0.0,0.0,0.0,0.0,0.0,0.0,71.81580706658416,71.81663
51,2022-03-02 22:29:57,71.81650674537332,71.80777005575095,71.8251669137123,71.81650674537332,71.81650674537332,0.0,0.0,0.0,0.0,0.0,0.0,71.81650674537332,71.817
52,2022-03-02 22:29:58,71.81720642416246,71.80804614814657,71.82813862421398,71.81720642416246,71.81720642416246,0.0,0.0,0.0,0.0,0.0,0.0,71.81720642416246,71.8187
53,2022-03-02 22:29:59,71.81790610295162,71.80939999118607,71.8279739131632,71.81790610295162,71.81790610295162,0.0,0.0,0.0,0.0,0.0,0.0,71.81790610295162,71.81921
54,2022-03-02 22:30:00,71.81860578174077,71.8091242451255,71.82844978309605,71.81860578174077,71.81860578174077,0.0,0.0,0.0,0.0,0.0,0.0,71.81860578174077,71.82005
55,2022-03-02 22:30:01,71.81930546052993,71.80985210526968,71.82822181045917,71.81930546052993,71.81930546052993,0.0,0.0,0.0,0.0,0.0,0.0,71.81930546052993,71.82039
56,2022-03-02 22:30:02,71.82055260517589,71.81208182134503,71.82886820140214,71.82055260517589,71.82055260517589,0.0,0.0,0.0,0.0,0.0,0.0,71.82055260517589,71.82098
57,2022-03-02 22:30:03,71.82179974982186,71.81270104688308,71.83057287122526,71.82179974982186,71.82179974982186,0.0,0.0,0.0,0.0,0.0,0.0,71.82179974982186,71.82172
58,2022-03-02 22:30:04,71.82304689446784,71.81274625334368,71.83405316537414,71.82304689446784,71.82304689446784,0.0,0.0,0.0,0.0,0.0,0.0,71.82304689446784,71.8231
59,2022-03-02 22:30:05,71.8242940391138,71.81481662356794,71.83260433704233,71.8242940391138,71.8242940391138,0.0,0.0,0.0,0.0,0.0,0.0,71.8242940391138,71.82409
60,2022-03-02 22:30:06,71.82554118375977,71.8150778532217,71.83305155676867,71.82554118375977,71.82554118375977,0.0,0.0,0.0,0.0,0.0,0.0,71.82554118375977,71.82491999999999
61,2022-03-02 22:30:07,71.82678832840573,71.81745011085142,71.83613937633447,71.82678832840573,71.82678832840573,0.0,0.0,0.0,0.0,0.0,0.0,71.82678832840573,71.82505
62,2022-03-02 22:30:08,71.8280354730517,71.8195247031077,71.83797082156941,71.8280354730517,71.8280354730517,0.0,0.0,0.0,0.0,0.0,0.0,71.8280354730517,71.8278
63,2022-03-02 22:30:09,71.82928261769766,71.81942581759785,71.83931751624544,71.82928261769766,71.82928261769766,0.0,0.0,0.0,0.0,0.0,0.0,71.82928261769766,71.82818
64,2022-03-02 22:30:10,71.83052976234363,71.8228155609301,71.83826051086332,71.83052976234363,71.83052976234363,0.0,0.0,0.0,0.0,0.0,0.0,71.83052976234363,71.82887
65,2022-03-02 22:30:11,71.8317769069896,71.82308374339209,71.84221540668563,71.8317769069896,71.8317769069896,0.0,0.0,0.0,0.0,0.0,0.0,71.8317769069896,71.83184
66,2022-03-02 22:30:12,71.83302405163556,71.82328729700077,71.8426268580111,71.83302405163556,71.83302405163556,0.0,0.0,0.0,0.0,0.0,0.0,71.83302405163556,71.83258000000001
67,2022-03-02 22:30:13,71.83427119628153,71.82634682313937,71.84295897441456,71.83427119628153,71.83427119628153,0.0,0.0,0.0,0.0,0.0,0.0,71.83427119628153,71.8335
68,2022-03-02 22:30:14,71.83551834092749,71.82744264313565,71.84603947940161,71.83551834092749,71.83551834092749,0.0,0.0,0.0,0.0,0.0,0.0,71.83551834092749,71.83434
69,2022-03-02 22:30:15,71.83676548557345,71.82680515747408,71.8452938231498,71.83676548557345,71.83676548557345,0.0,0.0,0.0,0.0,0.0,0.0,71.83676548557345,71.83471999999999
70,2022-03-02 22:30:16,71.83801263021942,71.82846444644176,71.84749558344181,71.83801263021942,71.83801263021942,0.0,0.0,0.0,0.0,0.0,0.0,71.83801263021942,71.83610999999999
71,2022-03-02 22:30:17,71.8392597748654,71.83069368275879,71.84952469993482,71.8392597748654,71.8392597748654,0.0,0.0,0.0,0.0,0.0,0.0,71.8392597748654,71.83858000000001
72,2022-03-02 22:30:18,71.84050691951136,71.83220016991804,71.84926223282307,71.84050691951136,71.84050691951136,0.0,0.0,0.0,0.0,0.0,0.0,71.84050691951136,71.84295999999999
73,2022-03-02 22:30:19,71.84175406415733,71.83228527288337,71.8516008110487,71.84175406415733,71.84175406415733,0.0,0.0,0.0,0.0,0.0,0.0,71.84175406415733,71.84351
74,2022-03-02 22:30:20,71.84263190305157,71.8345608497699,71.8514742846173,71.84263190305157,71.84263190305157,0.0,0.0,0.0,0.0,0.0,0.0,71.84263190305157,71.84355
75,2022-03-02 22:30:21,71.84350974194581,71.83281433632683,71.8518672959035,71.84350974194581,71.84350974194581,0.0,0.0,0.0,0.0,0.0,0.0,71.84350974194581,71.84383000000001
76,2022-03-02 22:30:22,71.84438758084005,71.83467768319194,71.85389342983711,71.84438758084005,71.84438758084005,0.0,0.0,0.0,0.0,0.0,0.0,71.84438758084005,71.8442
77,2022-03-02 22:30:23,71.84526541973428,71.8363198338124,71.85456821832668,71.84526541973428,71.84526541973428,0.0,0.0,0.0,0.0,0.0,0.0,71.84526541973428,71.84451
78,2022-03-02 22:30:24,71.84614325862852,71.83702681194275,71.8541979899031,71.84614325862852,71.84614325862852,0.0,0.0,0.0,0.0,0.0,0.0,71.84614325862852,71.84561
79,2022-03-02 22:30:25,71.84702109752276,71.83767984066574,71.85553297900829,71.84702109752276,71.84702109752276,0.0,0.0,0.0,0.0,0.0,0.0,71.84702109752276,71.84685999999999
80,2022-03-02 22:30:26,71.847898936417,71.83910686657372,71.85833046331517,71.847898936417,71.847898936417,0.0,0.0,0.0,0.0,0.0,0.0,71.847898936417,71.84853000000001
81,2022-03-02 22:30:27,71.84877677531124,71.8399636528093,71.85699079036056,71.84877677531124,71.84877677531124,0.0,0.0,0.0,0.0,0.0,0.0,71.84877677531124,71.85122
82,2022-03-02 22:30:28,71.84965461420548,71.83940836734517,71.85855820247053,71.84965461420548,71.84965461420548,0.0,0.0,0.0,0.0,0.0,0.0,71.84965461420548,71.85183
83,2022-03-02 22:30:29,71.85053245309972,71.83956812463101,71.85919183487256,71.85053245309972,71.85053245309972,0.0,0.0,0.0,0.0,0.0,0.0,71.85053245309972,71.85194
84,2022-03-02 22:30:30,71.85141029199396,71.84276429354699,71.8595865521996,71.85141029199396,71.85141029199396,0.0,0.0,0.0,0.0,0.0,0.0,71.85141029199396,71.85238000000001
85,2022-03-02 22:30:31,71.8522881308882,71.84324755927291,71.86059243408619,71.8522881308882,71.8522881308882,0.0,0.0,0.0,0.0,0.0,0.0,71.8522881308882,71.8527
86,2022-03-02 22:30:32,71.85316596978244,71.843519255967,71.86132244408878,71.85316596978244,71.85316596978244,0.0,0.0,0.0,0.0,0.0,0.0,71.85316596978244,71.85374
87,2022-03-02 22:30:33,71.85404380867668,71.84406916102664,71.86615098027431,71.85404380867668,71.85404380867668,0.0,0.0,0.0,0.0,0.0,0.0,71.85404380867668,71.85455
88,2022-03-02 22:30:34,71.8549216475709,71.84645069068682,71.86325858469668,71.8549216475709,71.8549216475709,0.0,0.0,0.0,0.0,0.0,0.0,71.8549216475709,71.85501
89,2022-03-02 22:30:35,71.85579948646514,71.84756601185404,71.86590417808488,71.85579948646514,71.85579948646514,0.0,0.0,0.0,0.0,0.0,0.0,71.85579948646514,71.85554
90,2022-03-02 22:30:39,71.8593108420421,71.85026573131239,71.8670582975496,71.8593108420421,71.8593108420421,0.0,0.0,0.0,0.0,0.0,0.0,71.8593108420421,71.85715
91,2022-03-02 22:30:40,71.86018868093635,71.85188951950693,71.87043137057685,71.86018868093635,71.86018868093635,0.0,0.0,0.0,0.0,0.0,0.0,71.86018868093635,71.86007
92,2022-03-02 22:30:41,71.8609341276122,71.85341469573717,71.86834156449137,71.8609341276122,71.8609341276122,0.0,0.0,0.0,0.0,0.0,0.0,71.8609341276122,71.86062
93,2022-03-02 22:30:42,71.86167957428805,71.85131197360158,71.87178468295957,71.86167957428805,71.86167957428805,0.0,0.0,0.0,0.0,0.0,0.0,71.86167957428805,71.86237
94,2022-03-02 22:30:43,71.8624250209639,71.85365315680383,71.87246722516532,71.8624250209639,71.8624250209639,0.0,0.0,0.0,0.0,0.0,0.0,71.8624250209639,71.86269
95,2022-03-02 22:30:44,71.86317046763976,71.85530349175349,71.8754590811346,71.86317046763976,71.86317046763976,0.0,0.0,0.0,0.0,0.0,0.0,71.86317046763976,71.86324
96,2022-03-02 22:30:45,71.86391591431561,71.85484203884194,71.87360043994039,71.86391591431561,71.86391591431561,0.0,0.0,0.0,0.0,0.0,0.0,71.86391591431561,71.86369
97,2022-03-02 22:30:46,71.86466136099146,71.85593659037863,71.87389280726018,71.86466136099146,71.86466136099146,0.0,0.0,0.0,0.0,0.0,0.0,71.86466136099146,71.86375
98,2022-03-02 22:30:47,71.86540680766731,71.8563622048421,71.87409803058448,71.86540680766731,71.86540680766731,0.0,0.0,0.0,0.0,0.0,0.0,71.86540680766731,71.86414
99,2022-03-02 22:30:48,71.86615225434316,71.85739811089992,71.87554838023719,71.86615225434316,71.86615225434316,0.0,0.0,0.0,0.0,0.0,0.0,71.86615225434316,71.86480999999999
100,2022-03-02 22:30:49,71.86689770101903,71.85909553956265,71.8749385811996,71.86689770101903,71.86689770101903,0.0,0.0,0.0,0.0,0.0,0.0,71.86689770101903,71.86604
101,2022-03-02 22:30:50,71.86764314769488,71.85922650924165,71.87673625663047,71.86764314769488,71.86764314769488,0.0,0.0,0.0,0.0,0.0,0.0,71.86764314769488,71.86691
102,2022-03-02 22:30:51,71.86838859437073,71.85453859463418,71.87665548118325,71.86838859437073,71.86838859437073,0.0,0.0,0.0,0.0,0.0,0.0,71.86838859437073,71.8672
103,2022-03-02 22:30:52,71.86913404104658,71.86005902689998,71.87907690521567,71.86913404104658,71.86913404104658,0.0,0.0,0.0,0.0,0.0,0.0,71.86913404104658,71.86944
104,2022-03-02 22:30:53,71.86987948772243,71.85950794071651,71.87874424516693,71.86987948772243,71.86987948772243,0.0,0.0,0.0,0.0,0.0,0.0,71.86987948772243,71.86995
105,2022-03-02 22:30:54,71.87062493439828,71.86172422533997,71.88022135980654,71.87062493439828,71.87062493439828,0.0,0.0,0.0,0.0,0.0,0.0,71.87062493439828,71.87028000000001
106,2022-03-02 22:30:55,71.87137038107414,71.86342808554065,71.88031463712584,71.87137038107414,71.87137038107414,0.0,0.0,0.0,0.0,0.0,0.0,71.87137038107414,71.87040999999999
107,2022-03-02 22:30:56,71.87211582775,71.8630070950545,71.8827650426261,71.87211582775,71.87211582775,0.0,0.0,0.0,0.0,0.0,0.0,71.87211582775,71.87228
108,2022-03-02 22:30:57,71.87286127442584,71.86265856513955,71.8818853830956,71.87286127442584,71.87286127442584,0.0,0.0,0.0,0.0,0.0,0.0,71.87286127442584,71.87433
109,2022-03-02 22:30:58,71.8736067211017,71.8625219085638,71.88132857740776,71.8736067211017,71.8736067211017,0.0,0.0,0.0,0.0,0.0,0.0,71.8736067211017,71.87472
110,2022-03-02 22:30:59,71.87437974501475,71.86599655346195,71.8849927900972,71.87437974501475,71.87437974501475,0.0,0.0,0.0,0.0,0.0,0.0,71.87437974501475,71.87532
111,2022-03-02 22:31:00,71.8751527689278,71.86554911681961,71.88360850652757,71.8751527689278,71.8751527689278,0.0,0.0,0.0,0.0,0.0,0.0,71.8751527689278,71.8755
112,2022-03-02 22:31:01,71.87592579284086,71.86745771814378,71.88436867237488,71.87592579284086,71.87592579284086,0.0,0.0,0.0,0.0,0.0,0.0,71.87592579284086,71.87594
113,2022-03-02 22:31:02,71.87669881675392,71.8670678512332,71.88546501854954,71.87669881675392,71.87669881675392,0.0,0.0,0.0,0.0,0.0,0.0,71.87669881675392,71.87801999999999
114,2022-03-02 22:31:03,71.87747184066697,71.86719977347862,71.88632359109685,71.87747184066697,71.87747184066697,0.0,0.0,0.0,0.0,0.0,0.0,71.87747184066697,71.87875
115,2022-03-02 22:31:04,71.87824486458003,71.86989900641228,71.88557493375565,71.87824486458003,71.87824486458003,0.0,0.0,0.0,0.0,0.0,0.0,71.87824486458003,71.87888000000001
116,2022-03-02 22:31:05,71.87901788849308,71.87102590534097,71.88826888045627,71.87901788849308,71.87901788849308,0.0,0.0,0.0,0.0,0.0,0.0,71.87901788849308,71.87931
117,2022-03-02 22:31:06,71.87979091240614,71.87095457751451,71.88825268648657,71.87979091240614,71.87979091240614,0.0,0.0,0.0,0.0,0.0,0.0,71.87979091240614,71.87974
118,2022-03-02 22:31:09,71.8821099841453,71.87316763999283,71.89189914130328,71.8821099841453,71.8821099841453,0.0,0.0,0.0,0.0,0.0,0.0,71.8821099841453,71.88184
119,2022-03-02 22:31:10,71.88288300805836,71.87350679280333,71.89313898250455,71.88288300805836,71.88288300805836,0.0,0.0,0.0,0.0,0.0,0.0,71.88288300805836,71.88226999999999
120,2022-03-02 22:31:11,71.88365603197143,71.87490235137267,71.89562748195448,71.88365603197143,71.88365603197143,0.0,0.0,0.0,0.0,0.0,0.0,71.88365603197143,71.88254
121,2022-03-02 22:31:12,71.88442905588447,71.87609072410702,71.89243373378395,71.88442905588447,71.88442905588447,0.0,0.0,0.0,0.0,0.0,0.0,71.88442905588447,71.88293
122,2022-03-02 22:31:13,71.88520207979752,71.8761873300644,71.8939753789744,71.88520207979752,71.88520207979752,0.0,0.0,0.0,0.0,0.0,0.0,71.88520207979752,71.88600000000001
123,2022-03-02 22:31:14,71.88597510371058,71.87599023739499,71.8946310300822,71.88597510371058,71.88597510371058,0.0,0.0,0.0,0.0,0.0,0.0,71.88597510371058,71.8865
124,2022-03-02 22:31:15,71.88674812762363,71.8782147974657,71.8951868922795,71.88674812762363,71.88674812762363,0.0,0.0,0.0,0.0,0.0,0.0,71.88674812762363,71.88681
125,2022-03-02 22:31:16,71.88752115153669,71.87948983956957,71.89671350041779,71.88752115153669,71.88752115153669,0.0,0.0,0.0,0.0,0.0,0.0,71.88752115153669,71.88691999999999
126,2022-03-02 22:31:17,71.88829417544976,71.88027388598286,71.89959756915314,71.88829417544976,71.88829417544976,0.0,0.0,0.0,0.0,0.0,0.0,71.88829417544976,71.88795
127,2022-03-02 22:31:18,71.88906719936281,71.88117020917866,71.89781876620886,71.88906719936281,71.88906719936281,0.0,0.0,0.0,0.0,0.0,0.0,71.88906719936281,71.88969
128,2022-03-02 22:31:19,71.88984022327585,71.88077096668776,71.8975483437794,71.88984022327585,71.88984022327585,0.0,0.0,0.0,0.0,0.0,0.0,71.88984022327585,71.88995
129,2022-03-02 22:31:20,71.8906210085098,71.87997637606698,71.89849118376785,71.8906210085098,71.8906210085098,0.0,0.0,0.0,0.0,0.0,0.0,71.8906210085098,71.8906
130,2022-03-02 22:31:21,71.89140179374374,71.88153673895792,71.89919751329231,71.89140179374374,71.89140179374374,0.0,0.0,0.0,0.0,0.0,0.0,71.89140179374374,71.89109
131,2022-03-02 22:31:22,71.89218257897768,71.88343752177977,71.90056302962323,71.89218257897768,71.89218257897768,0.0,0.0,0.0,0.0,0.0,0.0,71.89218257897768,71.89154
132,2022-03-02 22:31:23,71.89296336421162,71.88412599187286,71.90347106457644,71.89296336421162,71.89296336421162,0.0,0.0,0.0,0.0,0.0,0.0,71.89296336421162,71.89168000000001
133,2022-03-02 22:31:24,71.89374414944557,71.88508140997543,71.90436253401204,71.89374414944557,71.89374414944557,0.0,0.0,0.0,0.0,0.0,0.0,71.89374414944557,71.89262
134,2022-03-02 22:31:25,71.89452493467951,71.88521405294438,71.9056123371993,71.89452493467951,71.89452493467951,0.0,0.0,0.0,0.0,0.0,0.0,71.89452493467951,71.8943
135,2022-03-02 22:31:26,71.89530571991345,71.88737609862729,71.90432057809767,71.89530571991345,71.89530571991345,0.0,0.0,0.0,0.0,0.0,0.0,71.89530571991345,71.89548
136,2022-03-02 22:31:27,71.8960865051474,71.88718049022555,71.9045526835638,71.8960865051474,71.8960865051474,0.0,0.0,0.0,0.0,0.0,0.0,71.8960865051474,71.89706
137,2022-03-02 22:31:28,71.89686729038134,71.8888475006456,71.90469620025226,71.89686729038134,71.89686729038134,0.0,0.0,0.0,0.0,0.0,0.0,71.89686729038134,71.89799000000001
138,2022-03-02 22:31:29,71.89764807561528,71.8889360545155,71.90668180686419,71.89764807561528,71.89764807561528,0.0,0.0,0.0,0.0,0.0,0.0,71.89764807561528,71.89888
139,2022-03-02 22:31:31,71.89920964608316,71.89155277050021,71.90686854671605,71.89920964608316,71.89920964608316,0.0,0.0,0.0,0.0,0.0,0.0,71.89920964608316,71.89996
140,2022-03-02 22:31:32,71.89999043131711,71.88942587263713,71.91053711594374,71.89999043131711,71.89999043131711,0.0,0.0,0.0,0.0,0.0,0.0,71.89999043131711,71.90080999999999
141,2022-03-02 22:31:33,71.90077121655104,71.89002968167638,71.91050929089057,71.90077121655104,71.90077121655104,0.0,0.0,0.0,0.0,0.0,0.0,71.90077121655104,71.90086
142,2022-03-02 22:31:34,71.90155200178499,71.89270101965394,71.91135492947033,71.90155200178499,71.90155200178499,0.0,0.0,0.0,0.0,0.0,0.0,71.90155200178499,71.90138
143,2022-03-02 22:31:35,71.90233278701892,71.89308100062725,71.91129286108597,71.90233278701892,71.90233278701892,0.0,0.0,0.0,0.0,0.0,0.0,71.90233278701892,71.90295
144,2022-03-02 22:31:36,71.90311357225288,71.89380084996179,71.91131496819453,71.90311357225288,71.90311357225288,0.0,0.0,0.0,0.0,0.0,0.0,71.90311357225288,71.90326999999999
145,2022-03-02 22:31:37,71.9038943574868,71.89554139399668,71.91300136796471,71.9038943574868,71.9038943574868,0.0,0.0,0.0,0.0,0.0,0.0,71.9038943574868,71.90401999999999
146,2022-03-02 22:31:38,71.90467514272075,71.89484796667665,71.9129840654509,71.90467514272075,71.90467514272075,0.0,0.0,0.0,0.0,0.0,0.0,71.90467514272075,71.90405
147,2022-03-02 22:31:39,71.90508326396677,71.89567003686146,71.91655590484281,71.90508326396677,71.90508326396677,0.0,0.0,0.0,0.0,0.0,0.0,71.90508326396677,71.90446999999999
148,2022-03-02 22:31:40,71.90549138521278,71.89473962585822,71.91701185724821,71.90549138521278,71.90549138521278,0.0,0.0,0.0,0.0,0.0,0.0,71.90549138521278,71.90633000000001
149,2022-03-02 22:31:41,71.90589950645881,71.89763347997368,71.91601995535058,71.90589950645881,71.90589950645881,0.0,0.0,0.0,0.0,0.0,0.0,71.90589950645881,71.90639
150,2022-03-02 22:31:42,71.90630762770482,71.89812004196658,71.91538350602676,71.90630762770482,71.90630762770482,0.0,0.0,0.0,0.0,0.0,0.0,71.90630762770482,71.90665
151,2022-03-02 22:31:43,71.90671574895083,71.89531093040766,71.91622714421763,71.90671574895083,71.90671574895083,0.0,0.0,0.0,0.0,0.0,0.0,71.90671574895083,71.90666999999999
152,2022-03-02 22:31:44,71.90712387019686,71.89696606005056,71.91658189846017,71.90712387019686,71.90712387019686,0.0,0.0,0.0,0.0,0.0,0.0,71.90712387019686,71.9074
153,2022-03-02 22:31:47,71.9083482339349,71.89814574702983,71.91801757456993,71.9083482339349,71.9083482339349,0.0,0.0,0.0,0.0,0.0,0.0,71.9083482339349,71.90775
154,2022-03-02 22:31:48,71.90875635518093,71.89950230465148,71.91851160013739,71.90875635518093,71.90875635518093,0.0,0.0,0.0,0.0,0.0,0.0,71.90875635518093,71.9078
155,2022-03-02 22:31:49,71.90916447642694,71.90079944934084,71.91815225047347,71.90916447642694,71.90916447642694,0.0,0.0,0.0,0.0,0.0,0.0,71.90916447642694,71.90814
156,2022-03-02 22:31:50,71.90957259767296,71.89999476632603,71.91792184133277,71.90957259767296,71.90957259767296,0.0,0.0,0.0,0.0,0.0,0.0,71.90957259767296,71.90829000000001
157,2022-03-02 22:31:51,71.90998071891897,71.90045638014348,71.91935681563557,71.90998071891897,71.90998071891897,0.0,0.0,0.0,0.0,0.0,0.0,71.90998071891897,71.90853
158,2022-03-02 22:31:52,71.91038884016498,71.9018776482716,71.9193015655012,71.91038884016498,71.91038884016498,0.0,0.0,0.0,0.0,0.0,0.0,71.91038884016498,71.9094
159,2022-03-02 22:31:53,71.91079696141101,71.9003008395044,71.91970905446871,71.91079696141101,71.91079696141101,0.0,0.0,0.0,0.0,0.0,0.0,71.91079696141101,71.9112
160,2022-03-02 22:31:54,71.91120508265702,71.90200715937408,71.92201210199578,71.91120508265702,71.91120508265702,0.0,0.0,0.0,0.0,0.0,0.0,71.91120508265702,71.91122
161,2022-03-02 22:31:55,71.91161320390304,71.90333967158429,71.92117739105208,71.91161320390304,71.91161320390304,0.0,0.0,0.0,0.0,0.0,0.0,71.91161320390304,71.91129000000001
162,2022-03-02 22:31:56,71.91202132514906,71.90414220931711,71.92121705257489,71.91202132514906,71.91202132514906,0.0,0.0,0.0,0.0,0.0,0.0,71.91202132514906,71.91187
163,2022-03-02 22:31:57,71.91242944639507,71.90487736921455,71.92161891761232,71.91242944639507,71.91242944639507,0.0,0.0,0.0,0.0,0.0,0.0,71.91242944639507,71.91192
164,2022-03-02 22:31:58,71.91283756764109,71.90252743066212,71.92158629124653,71.91283756764109,71.91283756764109,0.0,0.0,0.0,0.0,0.0,0.0,71.91283756764109,71.91212
165,2022-03-02 22:31:59,71.91324934107458,71.90368496087919,71.92155559253975,71.91324934107458,71.91324934107458,0.0,0.0,0.0,0.0,0.0,0.0,71.91324934107458,71.91386
166,2022-03-02 22:32:00,71.91366111450805,71.90510995537322,71.92291900096346,71.91366111450805,71.91366111450805,0.0,0.0,0.0,0.0,0.0,0.0,71.91366111450805,71.91444
167,2022-03-02 22:32:01,71.91407288794153,71.9058838082616,71.92303942114765,71.91407288794153,71.91407288794153,0.0,0.0,0.0,0.0,0.0,0.0,71.91407288794153,71.91452
168,2022-03-02 22:32:02,71.91448466137503,71.90287883256053,71.92414555554728,71.91448466137503,71.91448466137503,0.0,0.0,0.0,0.0,0.0,0.0,71.91448466137503,71.91539
169,2022-03-02 22:32:03,71.91489643480851,71.90677783964941,71.92468546471342,71.91489643480851,71.91489643480851,0.0,0.0,0.0,0.0,0.0,0.0,71.91489643480851,71.91549
170,2022-03-02 22:32:04,71.91530820824198,71.90696623409659,71.92484158740302,71.91530820824198,71.91530820824198,0.0,0.0,0.0,0.0,0.0,0.0,71.91530820824198,71.9158
171,2022-03-02 22:32:05,71.91571998167547,71.90646925157012,71.923883719162,71.91571998167547,71.91571998167547,0.0,0.0,0.0,0.0,0.0,0.0,71.91571998167547,71.91595
172,2022-03-02 22:32:06,71.91613175510895,71.90753784330882,71.92497852900347,71.91613175510895,71.91613175510895,0.0,0.0,0.0,0.0,0.0,0.0,71.91613175510895,71.91644000000001
173,2022-03-02 22:32:07,71.91654352854243,71.90753854562656,71.92496325424811,71.91654352854243,71.91654352854243,0.0,0.0,0.0,0.0,0.0,0.0,71.91654352854243,71.91695
174,2022-03-02 22:32:08,71.91695530197592,71.90701179679431,71.92733762049268,71.91695530197592,71.91695530197592,0.0,0.0,0.0,0.0,0.0,0.0,71.91695530197592,71.91703000000001
175,2022-03-02 22:32:09,71.9173670754094,71.90887372510868,71.92623370970918,71.9173670754094,71.9173670754094,0.0,0.0,0.0,0.0,0.0,0.0,71.9173670754094,71.91769000000001
176,2022-03-02 22:32:10,71.91777884884289,71.90859929363164,71.92592351916863,71.91777884884289,71.91777884884289,0.0,0.0,0.0,0.0,0.0,0.0,71.91777884884289,71.91773
177,2022-03-02 22:32:11,71.91819062227637,71.90995397228102,71.92813980279269,71.91819062227637,71.91819062227637,0.0,0.0,0.0,0.0,0.0,0.0,71.91819062227637,71.91789
178,2022-03-02 22:32:12,71.91860239570985,71.91079013069425,71.92947339709939,71.91860239570985,71.91860239570985,0.0,0.0,0.0,0.0,0.0,0.0,71.91860239570985,71.91811
179,2022-03-02 22:32:13,71.91901416914334,71.90954078764545,71.92658508418084,71.91901416914334,71.91901416914334,0.0,0.0,0.0,0.0,0.0,0.0,71.91901416914334,71.91846
180,2022-03-02 22:32:14,71.91942594257682,71.91078466725739,71.92686527152124,71.91942594257682,71.91942594257682,0.0,0.0,0.0,0.0,0.0,0.0,71.91942594257682,71.91988
181,2022-03-02 22:32:15,71.9198377160103,71.91141139975818,71.9283054982569,71.9198377160103,71.9198377160103,0.0,0.0,0.0,0.0,0.0,0.0,71.9198377160103,71.91993000000001
182,2022-03-02 22:32:16,71.92024948944378,71.91187797973345,71.92861454291591,71.92024948944378,71.92024948944378,0.0,0.0,0.0,0.0,0.0,0.0,71.92024948944378,71.92004
183,2022-03-02 22:32:17,71.9206440414525,71.9119718712207,71.9285814192105,71.9206440414525,71.9206440414525,0.0,0.0,0.0,0.0,0.0,0.0,71.9206440414525,71.92026
184,2022-03-02 22:32:18,71.92103859346122,71.91130482357146,71.92971346528994,71.92103859346122,71.92103859346122,0.0,0.0,0.0,0.0,0.0,0.0,71.92103859346122,71.92104
185,2022-03-02 22:32:19,71.92143314546993,71.91265484858674,71.93275466402183,71.92143314546993,71.92143314546993,0.0,0.0,0.0,0.0,0.0,0.0,71.92143314546993,71.92198
186,2022-03-02 22:32:20,71.92182769747865,71.91240494264807,71.93047551306077,71.92182769747865,71.92182769747865,0.0,0.0,0.0,0.0,0.0,0.0,71.92182769747865,71.92199000000001
187,2022-03-02 22:32:21,71.92222224948738,71.9140644203489,71.93121422507906,71.92222224948738,71.92222224948738,0.0,0.0,0.0,0.0,0.0,0.0,71.92222224948738,71.923
188,2022-03-02 22:32:22,71.92261680149609,71.91336532920313,71.93236462739321,71.92261680149609,71.92261680149609,0.0,0.0,0.0,0.0,0.0,0.0,71.92261680149609,71.92316
189,2022-03-02 22:32:23,71.92301135350482,71.91493723714287,71.9334735422715,71.92301135350482,71.92301135350482,0.0,0.0,0.0,0.0,0.0,0.0,71.92301135350482,71.9235
190,2022-03-02 22:32:25,71.92380045752225,71.9140712102976,71.9317567906868,71.92380045752225,71.92380045752225,0.0,0.0,0.0,0.0,0.0,0.0,71.92380045752225,71.92448
191,2022-03-02 22:32:28,71.9249841135484,71.91303093175836,71.93423693796103,71.9249841135484,71.9249841135484,0.0,0.0,0.0,0.0,0.0,0.0,71.9249841135484,71.92486
192,2022-03-02 22:32:29,71.92537866555712,71.91530434537981,71.93806205822627,71.92537866555712,71.92537866555712,0.0,0.0,0.0,0.0,0.0,0.0,71.92537866555712,71.92489
193,2022-03-02 22:32:30,71.92577321756585,71.91729221593347,71.93503575919041,71.92577321756585,71.92577321756585,0.0,0.0,0.0,0.0,0.0,0.0,71.92577321756585,71.92524
194,2022-03-02 22:32:31,71.92616776957458,71.91750080312231,71.93537735798795,71.92616776957458,71.92616776957458,0.0,0.0,0.0,0.0,0.0,0.0,71.92616776957458,71.92541
195,2022-03-02 22:32:32,71.92656232158329,71.91610603318385,71.93472749948285,71.92656232158329,71.92656232158329,0.0,0.0,0.0,0.0,0.0,0.0,71.92656232158329,71.92545
196,2022-03-02 22:32:33,71.926956873592,71.91793021972927,71.9346211588522,71.926956873592,71.926956873592,0.0,0.0,0.0,0.0,0.0,0.0,71.926956873592,71.9257
197,2022-03-02 22:32:34,71.92735142560072,71.919151633768,71.93841148268211,71.92735142560072,71.92735142560072,0.0,0.0,0.0,0.0,0.0,0.0,71.92735142560072,71.92654
198,2022-03-02 22:32:35,71.92774597760945,71.91760322154273,71.93675273252857,71.92774597760945,71.92774597760945,0.0,0.0,0.0,0.0,0.0,0.0,71.92774597760945,71.92664
199,2022-03-02 22:32:36,71.92814052961816,71.91870810853976,71.93632676447032,71.92814052961816,71.92814052961816,0.0,0.0,0.0,0.0,0.0,0.0,71.92814052961816,71.92743
200,2022-03-02 22:32:37,71.92853508162688,71.92024215815879,71.93788822895725,71.92853508162688,71.92853508162688,0.0,0.0,0.0,0.0,0.0,0.0,71.92853508162688,71.92773000000001
201,2022-03-02 22:32:38,71.9289296336356,71.92060458749565,71.93723217491278,71.9289296336356,71.9289296336356,0.0,0.0,0.0,0.0,0.0,0.0,71.9289296336356,71.92891
202,2022-03-02 22:32:39,71.92938053881427,71.92090785186458,71.94041084403655,71.92938053881427,71.92938053881427,0.0,0.0,0.0,0.0,0.0,0.0,71.92938053881427,71.92952
203,2022-03-02 22:32:40,71.92983144399294,71.9215738780415,71.93879205603228,71.92983144399294,71.92983144399294,0.0,0.0,0.0,0.0,0.0,0.0,71.92983144399294,71.93061999999999
204,2022-03-02 22:32:41,71.93028234917159,71.92190007422496,71.94016801690934,71.93028234917159,71.93028234917159,0.0,0.0,0.0,0.0,0.0,0.0,71.93028234917159,71.93111
205,2022-03-02 22:32:42,71.93073325435027,71.92136208809217,71.94173962889411,71.93073325435027,71.93073325435027,0.0,0.0,0.0,0.0,0.0,0.0,71.93073325435027,71.93122
206,2022-03-02 22:32:43,71.93118415952893,71.92322787263495,71.93979128778327,71.93118415952893,71.93118415952893,0.0,0.0,0.0,0.0,0.0,0.0,71.93118415952893,71.93224000000001
207,2022-03-02 22:32:44,71.93163506470759,71.92077125341086,71.94009965094651,71.93163506470759,71.93163506470759,0.0,0.0,0.0,0.0,0.0,0.0,71.93163506470759,71.9326
208,2022-03-02 22:32:45,71.93208596988626,71.92370661004435,71.94200218621874,71.93208596988626,71.93208596988626,0.0,0.0,0.0,0.0,0.0,0.0,71.93208596988626,71.93261
209,2022-03-02 22:32:46,71.93253687506493,71.92381184995133,71.94124271762514,71.93253687506493,71.93253687506493,0.0,0.0,0.0,0.0,0.0,0.0,71.93253687506493,71.93325
210,2022-03-02 22:32:47,71.93298778024358,71.9243780184251,71.94062194216193,71.93298778024358,71.93298778024358,0.0,0.0,0.0,0.0,0.0,0.0,71.93298778024358,71.93359
211,2022-03-02 22:32:48,71.93343868542225,71.92498454326676,71.94479681313294,71.93343868542225,71.93343868542225,0.0,0.0,0.0,0.0,0.0,0.0,71.93343868542225,71.93391
212,2022-03-02 22:32:49,71.93388959060091,71.92427275484854,71.9431668371365,71.93388959060091,71.93388959060091,0.0,0.0,0.0,0.0,0.0,0.0,71.93388959060091,71.93445
213,2022-03-02 22:32:50,71.93434049577958,71.92562507030281,71.94313743629925,71.93434049577958,71.93434049577958,0.0,0.0,0.0,0.0,0.0,0.0,71.93434049577958,71.93512
214,2022-03-02 22:32:51,71.93479140095825,71.9266401280781,71.94333264272146,71.93479140095825,71.93479140095825,0.0,0.0,0.0,0.0,0.0,0.0,71.93479140095825,71.93517
215,2022-03-02 22:32:52,71.93524230613691,71.92639010556223,71.94441552943623,71.93524230613691,71.93524230613691,0.0,0.0,0.0,0.0,0.0,0.0,71.93524230613691,71.93523
216,2022-03-02 22:32:53,71.93569321131558,71.92707536185374,71.94446860185211,71.93569321131558,71.93569321131558,0.0,0.0,0.0,0.0,0.0,0.0,71.93569321131558,71.93542
217,2022-03-02 22:32:54,71.93614411649423,71.92711746084451,71.94407132752129,71.93614411649423,71.93614411649423,0.0,0.0,0.0,0.0,0.0,0.0,71.93614411649423,71.93587
218,2022-03-02 22:32:55,71.9365950216729,71.92694335181135,71.94519573062604,71.9365950216729,71.9365950216729,0.0,0.0,0.0,0.0,0.0,0.0,71.9365950216729,71.93627
219,2022-03-02 22:32:56,71.93704592685158,71.92783545315733,71.94671837774008,71.93704592685158,71.93704592685158,0.0,0.0,0.0,0.0,0.0,0.0,71.93704592685158,71.93637
220,2022-03-02 22:32:57,71.93731325081092,71.92890058898708,71.94533839027933,71.93731325081092,71.93731325081092,0.0,0.0,0.0,0.0,0.0,0.0,71.93731325081092,71.93715
221,2022-03-02 22:32:58,71.93758057477027,71.9282882191599,71.9466587544268,71.93758057477027,71.93758057477027,0.0,0.0,0.0,0.0,0.0,0.0,71.93758057477027,71.93733
222,2022-03-02 22:32:59,71.9378478987296,71.92967022984375,71.94612642501532,71.9378478987296,71.9378478987296,0.0,0.0,0.0,0.0,0.0,0.0,71.9378478987296,71.93751999999999
223,2022-03-02 22:33:00,71.93811522268896,71.92914013874302,71.94653440143838,71.93811522268896,71.93811522268896,0.0,0.0,0.0,0.0,0.0,0.0,71.93811522268896,71.93754
224,2022-03-02 22:33:01,71.9383825466483,71.9279638068047,71.94787390392136,71.9383825466483,71.9383825466483,0.0,0.0,0.0,0.0,0.0,0.0,71.9383825466483,71.93755
225,2022-03-02 22:33:02,71.93864987060765,71.92986849832724,71.94782954681467,71.93864987060765,71.93864987060765,0.0,0.0,0.0,0.0,0.0,0.0,71.93864987060765,71.93771
226,2022-03-02 22:33:03,71.93891719456698,71.92901070801936,71.94732963649079,71.93891719456698,71.93891719456698,0.0,0.0,0.0,0.0,0.0,0.0,71.93891719456698,71.9385
227,2022-03-02 22:33:04,71.93918451852635,71.92925328254029,71.94874565416582,71.93918451852635,71.93918451852635,0.0,0.0,0.0,0.0,0.0,0.0,71.93918451852635,71.93953
228,2022-03-02 22:33:05,71.93945184248568,71.93046879994232,71.94922931395458,71.93945184248568,71.93945184248568,0.0,0.0,0.0,0.0,0.0,0.0,71.93945184248568,71.93966999999999
229,2022-03-02 22:33:06,71.93971916644503,71.92882125704405,71.94843511723484,71.93971916644503,71.93971916644503,0.0,0.0,0.0,0.0,0.0,0.0,71.93971916644503,71.94032
230,2022-03-02 22:33:07,71.93998649040438,71.93139778268639,71.94847524041025,71.93998649040438,71.93998649040438,0.0,0.0,0.0,0.0,0.0,0.0,71.93998649040438,71.94083
231,2022-03-02 22:33:08,71.94025381436373,71.93219071658254,71.95020746046906,71.94025381436373,71.94025381436373,0.0,0.0,0.0,0.0,0.0,0.0,71.94025381436373,71.94086
232,2022-03-02 22:33:09,71.94052113832306,71.93127889245609,71.94840307399086,71.94052113832306,71.94052113832306,0.0,0.0,0.0,0.0,0.0,0.0,71.94052113832306,71.94095
233,2022-03-02 22:33:10,71.94078846228241,71.93134249295315,71.94921002265944,71.94078846228241,71.94078846228241,0.0,0.0,0.0,0.0,0.0,0.0,71.94078846228241,71.94136999999999
234,2022-03-02 22:33:11,71.94105578624176,71.93048046874134,71.94885492777684,71.94105578624176,71.94105578624176,0.0,0.0,0.0,0.0,0.0,0.0,71.94105578624176,71.94161
235,2022-03-02 22:33:12,71.94132311020111,71.93075540860644,71.95088318560313,71.94132311020111,71.94132311020111,0.0,0.0,0.0,0.0,0.0,0.0,71.94132311020111,71.94171
236,2022-03-02 22:33:16,71.9423924060385,71.93269873807229,71.95206625471208,71.9423924060385,71.9423924060385,0.0,0.0,0.0,0.0,0.0,0.0,71.9423924060385,71.94173
237,2022-03-02 22:33:17,71.94265972999784,71.93302666558615,71.95255994288692,71.94265972999784,71.94265972999784,0.0,0.0,0.0,0.0,0.0,0.0,71.94265972999784,71.94268000000001
238,2022-03-02 22:33:18,71.94302380633556,71.93419615300273,71.95230096638167,71.94302380633556,71.94302380633556,0.0,0.0,0.0,0.0,0.0,0.0,71.94302380633556,71.94292
239,2022-03-02 22:33:19,71.94338788267326,71.93525307282269,71.95122244876096,71.94338788267326,71.94338788267326,0.0,0.0,0.0,0.0,0.0,0.0,71.94338788267326,71.94344
240,2022-03-02 22:33:20,71.943751959011,71.93512727057959,71.95246721703336,71.943751959011,71.943751959011,0.0,0.0,0.0,0.0,0.0,0.0,71.943751959011,71.94351
241,2022-03-02 22:33:21,71.9441160353487,71.93529751719475,71.95239518352894,71.9441160353487,71.9441160353487,0.0,0.0,0.0,0.0,0.0,0.0,71.9441160353487,71.94431
242,2022-03-02 22:33:22,71.94448011168643,71.93512204283427,71.95392969666393,71.94448011168643,71.94448011168643,0.0,0.0,0.0,0.0,0.0,0.0,71.94448011168643,71.94461
243,2022-03-02 22:33:23,71.94484418802415,71.93574834768883,71.9528357162022,71.94484418802415,71.94484418802415,0.0,0.0,0.0,0.0,0.0,0.0,71.94484418802415,71.94476
244,2022-03-02 22:33:24,71.94520826436185,71.93637910050401,71.95519341957676,71.94520826436185,71.94520826436185,0.0,0.0,0.0,0.0,0.0,0.0,71.94520826436185,71.94489
245,2022-03-02 22:33:25,71.94557234069958,71.93747203699468,71.95594163544932,71.94557234069958,71.94557234069958,0.0,0.0,0.0,0.0,0.0,0.0,71.94557234069958,71.94536
246,2022-03-02 22:33:26,71.9459364170373,71.93663256273229,71.95497854183782,71.9459364170373,71.9459364170373,0.0,0.0,0.0,0.0,0.0,0.0,71.9459364170373,71.94537
247,2022-03-02 22:33:27,71.94630049337502,71.93873986366128,71.9547366440189,71.94630049337502,71.94630049337502,0.0,0.0,0.0,0.0,0.0,0.0,71.94630049337502,71.94561
248,2022-03-02 22:33:28,71.94666456971274,71.93789274678886,71.95706962922348,71.94666456971274,71.94666456971274,0.0,0.0,0.0,0.0,0.0,0.0,71.94666456971274,71.94578
249,2022-03-02 22:33:29,71.94702864605046,71.93830272296788,71.9566646181126,71.94702864605046,71.94702864605046,0.0,0.0,0.0,0.0,0.0,0.0,71.94702864605046,71.94586
250,2022-03-02 22:33:30,71.94739272238817,71.93711932769185,71.95596310748796,71.94739272238817,71.94739272238817,0.0,0.0,0.0,0.0,0.0,0.0,71.94739272238817,71.94658000000001
251,2022-03-02 22:33:31,71.94775679872589,71.93828885894759,71.95834593394405,71.94775679872589,71.94775679872589,0.0,0.0,0.0,0.0,0.0,0.0,71.94775679872589,71.9483
252,2022-03-02 22:33:32,71.94812087506361,71.9393371614523,71.95731219730638,71.94812087506361,71.94812087506361,0.0,0.0,0.0,0.0,0.0,0.0,71.94812087506361,71.9483
253,2022-03-02 22:33:33,71.94848495140133,71.9394417451014,71.95838400897236,71.94848495140133,71.94848495140133,0.0,0.0,0.0,0.0,0.0,0.0,71.94848495140133,71.94872
254,2022-03-02 22:33:34,71.94884902773904,71.9403710225167,71.95828741514597,71.94884902773904,71.94884902773904,0.0,0.0,0.0,0.0,0.0,0.0,71.94884902773904,71.94878
255,2022-03-02 22:33:35,71.94921310407676,71.93968079536563,71.9593552191281,71.94921310407676,71.94921310407676,0.0,0.0,0.0,0.0,0.0,0.0,71.94921310407676,71.94995
256,2022-03-02 22:33:36,71.94977538373503,71.94055209087104,71.95907380653232,71.94977538373503,71.94977538373503,0.0,0.0,0.0,0.0,0.0,0.0,71.94977538373503,71.95038000000001
257,2022-03-02 22:33:37,71.9503376633933,71.9417387700928,71.95844302568005,71.9503376633933,71.9503376633933,0.0,0.0,0.0,0.0,0.0,0.0,71.9503376633933,71.95145
258,2022-03-02 22:33:38,71.95089994305155,71.94341460213442,71.96136384999404,71.95089994305155,71.95089994305155,0.0,0.0,0.0,0.0,0.0,0.0,71.95089994305155,71.95184
259,2022-03-02 22:33:39,71.95146222270982,71.94214301709953,71.96083741086098,71.95146222270982,71.95146222270982,0.0,0.0,0.0,0.0,0.0,0.0,71.95146222270982,71.95193
260,2022-03-02 22:33:40,71.95202450236809,71.94406239340353,71.96297051280784,71.95202450236809,71.95202450236809,0.0,0.0,0.0,0.0,0.0,0.0,71.95202450236809,71.95198
261,2022-03-02 22:33:41,71.95258678202636,71.9423072850832,71.9623974146496,71.95258678202636,71.95258678202636,0.0,0.0,0.0,0.0,0.0,0.0,71.95258678202636,71.95251
262,2022-03-02 22:33:42,71.95314906168463,71.94451305899776,71.96146165298612,71.95314906168463,71.95314906168463,0.0,0.0,0.0,0.0,0.0,0.0,71.95314906168463,71.95274
263,2022-03-02 22:33:43,71.9537113413429,71.94503445970095,71.96135332995485,71.9537113413429,71.9537113413429,0.0,0.0,0.0,0.0,0.0,0.0,71.9537113413429,71.95303
264,2022-03-02 22:33:44,71.95427362100116,71.94442818194287,71.9626580988167,71.95427362100116,71.95427362100116,0.0,0.0,0.0,0.0,0.0,0.0,71.95427362100116,71.95339
265,2022-03-02 22:33:45,71.95483590065943,71.94511314315838,71.96410453996259,71.95483590065943,71.95483590065943,0.0,0.0,0.0,0.0,0.0,0.0,71.95483590065943,71.95371999999999
266,2022-03-02 22:33:46,71.9553981803177,71.94732957378463,71.96508941565882,71.9553981803177,71.9553981803177,0.0,0.0,0.0,0.0,0.0,0.0,71.9553981803177,71.95428000000001
267,2022-03-02 22:33:47,71.95596045997597,71.9471029216484,71.96592427604475,71.95596045997597,71.95596045997597,0.0,0.0,0.0,0.0,0.0,0.0,71.95596045997597,71.95506
268,2022-03-02 22:33:48,71.95652273963422,71.94587571318665,71.96469604584414,71.95652273963422,71.95652273963422,0.0,0.0,0.0,0.0,0.0,0.0,71.95652273963422,71.95594
269,2022-03-02 22:33:49,71.95708501929249,71.94778561138733,71.96619704241215,71.95708501929249,71.95708501929249,0.0,0.0,0.0,0.0,0.0,0.0,71.95708501929249,71.95844
270,2022-03-02 22:33:50,71.95764729895077,71.9487984439182,71.96691606342101,71.95764729895077,71.95764729895077,0.0,0.0,0.0,0.0,0.0,0.0,71.95764729895077,71.95853000000001
271,2022-03-02 22:33:51,71.95820957860903,71.94863927306767,71.96678651209561,71.95820957860903,71.95820957860903,0.0,0.0,0.0,0.0,0.0,0.0,71.95820957860903,71.95931999999999
272,2022-03-02 22:33:52,71.9587718582673,71.94912082434779,71.9690861044438,71.9587718582673,71.9587718582673,0.0,0.0,0.0,0.0,0.0,0.0,71.9587718582673,71.95998
273,2022-03-02 22:33:53,71.95933413792557,71.95055888871133,71.96777620129899,71.95933413792557,71.95933413792557,0.0,0.0,0.0,0.0,0.0,0.0,71.95933413792557,71.96004
274,2022-03-02 22:33:54,71.95989641758383,71.95029331891276,71.96846588069263,71.95989641758383,71.95989641758383,0.0,0.0,0.0,0.0,0.0,0.0,71.95989641758383,71.96035
275,2022-03-02 22:33:56,71.96080010708178,71.95062753391574,71.96858140105077,71.96080010708178,71.96080010708178,0.0,0.0,0.0,0.0,0.0,0.0,71.96080010708178,71.96038
276,2022-03-02 22:33:57,71.96125195183075,71.9528810074548,71.97050509542757,71.96125195183075,71.96125195183075,0.0,0.0,0.0,0.0,0.0,0.0,71.96125195183075,71.96047
277,2022-03-02 22:33:58,71.96170379657971,71.9533423492553,71.97084676528506,71.96170379657971,71.96170379657971,0.0,0.0,0.0,0.0,0.0,0.0,71.96170379657971,71.96109
278,2022-03-02 22:33:59,71.96215564132869,71.95364517895428,71.97066532172728,71.96215564132869,71.96215564132869,0.0,0.0,0.0,0.0,0.0,0.0,71.96215564132869,71.96246
279,2022-03-02 22:34:00,71.96260748607766,71.95437579485412,71.9715800650855,71.96260748607766,71.96260748607766,0.0,0.0,0.0,0.0,0.0,0.0,71.96260748607766,71.96249
280,2022-03-02 22:34:01,71.96305933082664,71.9549000215916,71.97261770858462,71.96305933082664,71.96305933082664,0.0,0.0,0.0,0.0,0.0,0.0,71.96305933082664,71.96294
281,2022-03-02 22:34:02,71.9635111755756,71.95507099658897,71.97293635125467,71.9635111755756,71.9635111755756,0.0,0.0,0.0,0.0,0.0,0.0,71.9635111755756,71.96304
282,2022-03-02 22:34:03,71.96396302032457,71.9549811708213,71.97233137813606,71.96396302032457,71.96396302032457,0.0,0.0,0.0,0.0,0.0,0.0,71.96396302032457,71.96396999999999
283,2022-03-02 22:34:04,71.96441486507355,71.9550812488297,71.97362345304278,71.96441486507355,71.96441486507355,0.0,0.0,0.0,0.0,0.0,0.0,71.96441486507355,71.96415999999999
284,2022-03-02 22:34:05,71.96486670982252,71.95597727994452,71.97397335407001,71.96486670982252,71.96486670982252,0.0,0.0,0.0,0.0,0.0,0.0,71.96486670982252,71.96443000000001
285,2022-03-02 22:34:06,71.96531855457148,71.95622076981863,71.9743002446903,71.96531855457148,71.96531855457148,0.0,0.0,0.0,0.0,0.0,0.0,71.96531855457148,71.96531999999999
286,2022-03-02 22:34:07,71.96577039932046,71.95708585012117,71.97645792152649,71.96577039932046,71.96577039932046,0.0,0.0,0.0,0.0,0.0,0.0,71.96577039932046,71.96606
287,2022-03-02 22:34:08,71.96622224406943,71.95861208005192,71.97575483874833,71.96622224406943,71.96622224406943,0.0,0.0,0.0,0.0,0.0,0.0,71.96622224406943,71.96606
288,2022-03-02 22:34:09,71.96667408881841,71.95722926821676,71.97683338592147,71.96667408881841,71.96667408881841,0.0,0.0,0.0,0.0,0.0,0.0,71.96667408881841,71.9661
289,2022-03-02 22:34:10,71.96712593356737,71.95907700846394,71.976327559943,71.96712593356737,71.96712593356737,0.0,0.0,0.0,0.0,0.0,0.0,71.96712593356737,71.96625999999999
290,2022-03-02 22:34:11,71.96757777831634,71.95951078945131,71.97708949917741,71.96757777831634,71.96757777831634,0.0,0.0,0.0,0.0,0.0,0.0,71.96757777831634,71.96625999999999
291,2022-03-02 22:34:12,71.96802962306532,71.9570819562095,71.9776229356106,71.96802962306532,71.96802962306532,0.0,0.0,0.0,0.0,0.0,0.0,71.96802962306532,71.96848
292,2022-03-02 22:34:13,71.96848146781429,71.95823227211746,71.9779730534628,71.96848146781429,71.96848146781429,0.0,0.0,0.0,0.0,0.0,0.0,71.96848146781429,71.96854
293,2022-03-02 22:34:14,71.96881436254176,71.95965919126485,71.97842260756632,71.96881436254176,71.96881436254176,0.0,0.0,0.0,0.0,0.0,0.0,71.96881436254176,71.96928
294,2022-03-02 22:34:15,71.96914725726926,71.96057269552732,71.9778921583078,71.96914725726926,71.96914725726926,0.0,0.0,0.0,0.0,0.0,0.0,71.96914725726926,71.9697
295,2022-03-02 22:34:16,71.96948015199672,71.95860558064976,71.9779244668157,71.96948015199672,71.96948015199672,0.0,0.0,0.0,0.0,0.0,0.0,71.96948015199672,71.97025
296,2022-03-02 22:34:17,71.96981304672421,71.96019179385536,71.98084566865334,71.96981304672421,71.96981304672421,0.0,0.0,0.0,0.0,0.0,0.0,71.96981304672421,71.97049
297,2022-03-02 22:34:18,71.97014594145169,71.96071120206346,71.97860852243373,71.97014594145169,71.97014594145169,0.0,0.0,0.0,0.0,0.0,0.0,71.97014594145169,71.97073
298,2022-03-02 22:34:19,71.97047883617917,71.96072217904518,71.97829874293113,71.97047883617917,71.97047883617917,0.0,0.0,0.0,0.0,0.0,0.0,71.97047883617917,71.97095999999999
299,2022-03-02 22:34:20,71.97081173090665,71.96217236023027,71.97921525001982,71.97081173090665,71.97081173090665,0.0,0.0,0.0,0.0,0.0,0.0,71.97081173090665,71.97112
300,2022-03-02 22:34:21,71.97114462563412,71.9630104491907,71.98051606960684,71.97114462563412,71.97114462563412,0.0,0.0,0.0,0.0,0.0,0.0,71.97114462563412,71.97157
301,2022-03-02 22:34:22,71.9714775203616,71.96242515848412,71.98289095707229,71.9714775203616,71.9714775203616,0.0,0.0,0.0,0.0,0.0,0.0,71.9714775203616,71.97168
302,2022-03-02 22:34:23,71.97181041508908,71.96292044274588,71.98083334308868,71.97181041508908,71.97181041508908,0.0,0.0,0.0,0.0,0.0,0.0,71.97181041508908,71.97169
303,2022-03-02 22:34:24,71.97214330981657,71.9629254504209,71.98328454219957,71.97214330981657,71.97214330981657,0.0,0.0,0.0,0.0,0.0,0.0,71.97214330981657,71.97178000000001
304,2022-03-02 22:34:25,71.97247620454404,71.96266605609198,71.9813545785757,71.97247620454404,71.97247620454404,0.0,0.0,0.0,0.0,0.0,0.0,71.97247620454404,71.972
305,2022-03-02 22:34:26,71.97280909927153,71.96350292626347,71.98194982618273,71.97280909927153,71.97280909927153,0.0,0.0,0.0,0.0,0.0,0.0,71.97280909927153,71.97295
306,2022-03-02 22:34:29,71.97380778345396,71.9661003775038,71.98303321412077,71.97380778345396,71.97380778345396,0.0,0.0,0.0,0.0,0.0,0.0,71.97380778345396,71.97308000000001
307,2022-03-02 22:34:30,71.97414067818144,71.96514082347646,71.98362091579823,71.97414067818144,71.97414067818144,0.0,0.0,0.0,0.0,0.0,0.0,71.97414067818144,71.97355
308,2022-03-02 22:34:31,71.97447357290892,71.96500532682201,71.98323678394166,71.97447357290892,71.97447357290892,0.0,0.0,0.0,0.0,0.0,0.0,71.97447357290892,71.97394
309,2022-03-02 22:34:32,71.9748064676364,71.96634811842965,71.98443115848518,71.9748064676364,71.9748064676364,0.0,0.0,0.0,0.0,0.0,0.0,71.9748064676364,71.97523000000001
310,2022-03-02 22:34:33,71.97513936236388,71.96696538487369,71.9843604647222,71.97513936236388,71.97513936236388,0.0,0.0,0.0,0.0,0.0,0.0,71.97513936236388,71.97596999999999
311,2022-03-02 22:34:34,71.97567285070905,71.96586209863176,71.98457459024999,71.97567285070905,71.97567285070905,0.0,0.0,0.0,0.0,0.0,0.0,71.97567285070905,71.97606999999999
312,2022-03-02 22:34:35,71.97620633905422,71.96537099305156,71.98604626266241,71.97620633905422,71.97620633905422,0.0,0.0,0.0,0.0,0.0,0.0,71.97620633905422,71.97631
313,2022-03-02 22:34:36,71.97673982739937,71.96705888237467,71.98706461019337,71.97673982739937,71.97673982739937,0.0,0.0,0.0,0.0,0.0,0.0,71.97673982739937,71.97729
314,2022-03-02 22:34:37,71.97727331574453,71.9682992586727,71.9854628451293,71.97727331574453,71.97727331574453,0.0,0.0,0.0,0.0,0.0,0.0,71.97727331574453,71.97774
315,2022-03-02 22:34:38,71.9778068040897,71.96870507912325,71.98622922267288,71.9778068040897,71.9778068040897,0.0,0.0,0.0,0.0,0.0,0.0,71.9778068040897,71.97778000000001
316,2022-03-02 22:34:39,71.97834029243485,71.96820683050883,71.9869547010604,71.97834029243485,71.97834029243485,0.0,0.0,0.0,0.0,0.0,0.0,71.97834029243485,71.97814
317,2022-03-02 22:34:40,71.97887378078002,71.97047453756801,71.9869955930818,71.97887378078002,71.97887378078002,0.0,0.0,0.0,0.0,0.0,0.0,71.97887378078002,71.97858000000001
318,2022-03-02 22:34:41,71.97940726912518,71.97089697936164,71.98824120317195,71.97940726912518,71.97940726912518,0.0,0.0,0.0,0.0,0.0,0.0,71.97940726912518,71.97881
319,2022-03-02 22:34:42,71.97994075747035,71.97097336502263,71.9900933552103,71.97994075747035,71.97994075747035,0.0,0.0,0.0,0.0,0.0,0.0,71.97994075747035,71.97993000000001
320,2022-03-02 22:34:44,71.98100773416067,71.97101441636082,71.98987906136377,71.98100773416067,71.98100773416067,0.0,0.0,0.0,0.0,0.0,0.0,71.98100773416067,71.98003
321,2022-03-02 22:34:45,71.98154122250584,71.97335632006781,71.98996857875784,71.98154122250584,71.98154122250584,0.0,0.0,0.0,0.0,0.0,0.0,71.98154122250584,71.98039
322,2022-03-02 22:34:46,71.982074710851,71.97173639086475,71.99227569764447,71.982074710851,71.982074710851,0.0,0.0,0.0,0.0,0.0,0.0,71.982074710851,71.98066
323,2022-03-02 22:34:47,71.98260819919616,71.97400689029702,71.99107315993658,71.98260819919616,71.98260819919616,0.0,0.0,0.0,0.0,0.0,0.0,71.98260819919616,71.98234000000001
324,2022-03-02 22:34:48,71.98314168754133,71.97497148153947,71.99470840803362,71.98314168754133,71.98314168754133,0.0,0.0,0.0,0.0,0.0,0.0,71.98314168754133,71.98248000000001
325,2022-03-02 22:34:49,71.98367517588649,71.97437144288565,71.99328615764915,71.98367517588649,71.98367517588649,0.0,0.0,0.0,0.0,0.0,0.0,71.98367517588649,71.98262
326,2022-03-02 22:34:50,71.98420866423166,71.97599828845294,71.99348532739405,71.98420866423166,71.98420866423166,0.0,0.0,0.0,0.0,0.0,0.0,71.98420866423166,71.98575
327,2022-03-02 22:34:51,71.98474215257681,71.97599703318309,71.99290025732918,71.98474215257681,71.98474215257681,0.0,0.0,0.0,0.0,0.0,0.0,71.98474215257681,71.98599
328,2022-03-02 22:34:52,71.98527564092198,71.97614730695655,71.99291849143374,71.98527564092198,71.98527564092198,0.0,0.0,0.0,0.0,0.0,0.0,71.98527564092198,71.98637
329,2022-03-02 22:34:53,71.98576701788924,71.9754781302553,71.99471760002277,71.98576701788924,71.98576701788924,0.0,0.0,0.0,0.0,0.0,0.0,71.98576701788924,71.98664000000001
330,2022-03-02 22:34:54,71.98625839485652,71.97563660249783,71.99644932760866,71.98625839485652,71.98625839485652,0.0,0.0,0.0,0.0,0.0,0.0,71.98625839485652,71.98685
331,2022-03-02 22:34:55,71.98674977182381,71.97770142857794,71.9955937041751,71.98674977182381,71.98674977182381,0.0,0.0,0.0,0.0,0.0,0.0,71.98674977182381,71.98689
332,2022-03-02 22:34:56,71.98724114879107,71.97840253881725,71.9972247223803,71.98724114879107,71.98724114879107,0.0,0.0,0.0,0.0,0.0,0.0,71.98724114879107,71.98841
333,2022-03-02 22:34:59,71.9887152796929,71.97957893211715,71.99787353163256,71.9887152796929,71.9887152796929,0.0,0.0,0.0,0.0,0.0,0.0,71.9887152796929,71.98849
334,2022-03-02 22:35:00,71.98920665666016,71.97964138425223,71.99994161829929,71.98920665666016,71.98920665666016,0.0,0.0,0.0,0.0,0.0,0.0,71.98920665666016,71.98876
335,2022-03-02 22:35:01,71.98969803362743,71.98112429338366,71.99967595454542,71.98969803362743,71.98969803362743,0.0,0.0,0.0,0.0,0.0,0.0,71.98969803362743,71.98913
336,2022-03-02 22:35:02,71.99018941059471,71.9815502805957,71.99982841957387,71.99018941059471,71.99018941059471,0.0,0.0,0.0,0.0,0.0,0.0,71.99018941059471,71.99006
337,2022-03-02 22:35:03,71.99068078756198,71.98102592574476,71.99895822360311,71.99068078756198,71.99068078756198,0.0,0.0,0.0,0.0,0.0,0.0,71.99068078756198,71.99038
338,2022-03-02 22:35:04,71.99117216452925,71.9819171608328,71.99984034303773,71.99117216452925,71.99117216452925,0.0,0.0,0.0,0.0,0.0,0.0,71.99117216452925,71.9907
339,2022-03-02 22:35:05,71.99166354149654,71.98230741273677,72.0026937969067,71.99166354149654,71.99166354149654,0.0,0.0,0.0,0.0,0.0,0.0,71.99166354149654,71.99139
340,2022-03-02 22:35:06,71.99215491846381,71.98154361197615,72.00101425305861,71.99215491846381,71.99215491846381,0.0,0.0,0.0,0.0,0.0,0.0,71.99215491846381,71.99154
341,2022-03-02 22:35:07,71.99264629543107,71.98418930826726,72.00276071265229,71.99264629543107,71.99264629543107,0.0,0.0,0.0,0.0,0.0,0.0,71.99264629543107,71.99184
342,2022-03-02 22:35:08,71.99313767239835,71.98417717883916,72.00141289099628,71.99313767239835,71.99313767239835,0.0,0.0,0.0,0.0,0.0,0.0,71.99313767239835,71.99315
343,2022-03-02 22:35:09,71.99362904936562,71.98286644130796,72.00400904253264,71.99362904936562,71.99362904936562,0.0,0.0,0.0,0.0,0.0,0.0,71.99362904936562,71.99398000000001
344,2022-03-02 22:35:10,71.9941204263329,71.98526987199043,72.00456098189504,71.9941204263329,71.9941204263329,0.0,0.0,0.0,0.0,0.0,0.0,71.9941204263329,71.99467
345,2022-03-02 22:35:11,71.99461180330016,71.98501540589616,72.00426030338419,71.99461180330016,71.99461180330016,0.0,0.0,0.0,0.0,0.0,0.0,71.99461180330016,71.99495999999999
346,2022-03-02 22:35:12,71.99510318026744,71.98580310486074,72.00457287372853,71.99510318026744,71.99510318026744,0.0,0.0,0.0,0.0,0.0,0.0,71.99510318026744,71.99503
347,2022-03-02 22:35:13,71.99559455723471,71.98587068622969,72.00756477987255,71.99559455723471,71.99559455723471,0.0,0.0,0.0,0.0,0.0,0.0,71.99559455723471,71.99531
348,2022-03-02 22:35:14,71.99602151858014,71.98830309390766,72.00586652764136,71.99602151858014,71.99602151858014,0.0,0.0,0.0,0.0,0.0,0.0,71.99602151858014,71.99663000000001
349,2022-03-02 22:35:15,71.99644847992555,71.987980924409,72.00485794768547,71.99644847992555,71.99644847992555,0.0,0.0,0.0,0.0,0.0,0.0,71.99644847992555,71.99686
350,2022-03-02 22:35:16,71.99687544127096,71.98812482145682,72.00539905230121,71.99687544127096,71.99687544127096,0.0,0.0,0.0,0.0,0.0,0.0,71.99687544127096,71.99687
351,2022-03-02 22:35:17,71.99730240261637,71.98839725497916,72.00551640026329,71.99730240261637,71.99730240261637,0.0,0.0,0.0,0.0,0.0,0.0,71.99730240261637,71.99719
352,2022-03-02 22:35:18,71.99772936396178,71.98664297783576,72.00648685144274,71.99772936396178,71.99772936396178,0.0,0.0,0.0,0.0,0.0,0.0,71.99772936396178,71.99814
353,2022-03-02 22:35:19,71.99815632530719,71.98894402624435,72.00562716768616,71.99815632530719,71.99815632530719,0.0,0.0,0.0,0.0,0.0,0.0,71.99815632530719,71.99817
354,2022-03-02 22:35:20,71.99858328665262,71.99002850399788,72.00670913030899,71.99858328665262,71.99858328665262,0.0,0.0,0.0,0.0,0.0,0.0,71.99858328665262,71.99818
355,2022-03-02 22:35:21,71.99901024799803,71.9895974509869,72.00752525247778,71.99901024799803,71.99901024799803,0.0,0.0,0.0,0.0,0.0,0.0,71.99901024799803,71.99826
356,2022-03-02 22:35:22,71.99943720934344,71.99173414039234,72.00782438378461,71.99943720934344,71.99943720934344,0.0,0.0,0.0,0.0,0.0,0.0,71.99943720934344,71.99863
357,2022-03-02 22:35:23,71.99986417068885,71.98832589845416,72.00883542900898,71.99986417068885,71.99986417068885,0.0,0.0,0.0,0.0,0.0,0.0,71.99986417068885,71.99983
358,2022-03-02 22:35:24,72.00029113203426,71.99008688164847,72.01009862426616,72.00029113203426,72.00029113203426,0.0,0.0,0.0,0.0,0.0,0.0,72.00029113203426,72.00071
359,2022-03-02 22:35:25,72.00071809337967,71.99266473407708,72.00885728116879,72.00071809337967,72.00071809337967,0.0,0.0,0.0,0.0,0.0,0.0,72.00071809337967,72.0009
360,2022-03-02 22:35:26,72.00114505472509,71.99180083470303,72.01042895989636,72.00114505472509,72.00114505472509,0.0,0.0,0.0,0.0,0.0,0.0,72.00114505472509,72.00179
361,2022-03-02 22:35:27,72.0015720160705,71.99135282146787,72.00934201977893,72.0015720160705,72.0015720160705,0.0,0.0,0.0,0.0,0.0,0.0,72.0015720160705,72.00236
362,2022-03-02 22:35:28,72.00199897741592,71.99279596807466,72.01111765421747,72.00199897741592,72.00199897741592,0.0,0.0,0.0,0.0,0.0,0.0,72.00199897741592,72.00274
363,2022-03-02 22:35:29,72.00242593876133,71.99297076835454,72.01087793982369,72.00242593876133,72.00242593876133,0.0,0.0,0.0,0.0,0.0,0.0,72.00242593876133,72.00313
364,2022-03-02 22:35:30,72.00285290010675,71.99379969253609,72.01134264935838,72.00285290010675,72.00285290010675,0.0,0.0,0.0,0.0,0.0,0.0,72.00285290010675,72.00411
365,2022-03-02 22:35:31,72.00327986145216,71.9944171242971,72.01064515286153,72.00327986145216,72.00327986145216,0.0,0.0,0.0,0.0,0.0,0.0,72.00327986145216,72.00415
366,2022-03-02 22:35:35,72.00473068853104,71.99473007588202,72.01324336723265,72.00473068853104,72.00473068853104,0.0,0.0,0.0,0.0,0.0,0.0,72.00473068853104,72.00426999999999
367,2022-03-02 22:35:36,72.00509339530076,71.99144970965261,72.01428261416768,72.00509339530076,72.00509339530076,0.0,0.0,0.0,0.0,0.0,0.0,72.00509339530076,72.0045
368,2022-03-02 22:35:37,72.00545610207048,71.99610866779838,72.01422863251608,72.00545610207048,72.00545610207048,0.0,0.0,0.0,0.0,0.0,0.0,72.00545610207048,72.00468000000001
369,2022-03-02 22:35:38,72.0058188088402,71.99614264614141,72.01566282308929,72.0058188088402,72.0058188088402,0.0,0.0,0.0,0.0,0.0,0.0,72.0058188088402,72.00475
370,2022-03-02 22:35:39,72.00618151560992,71.9973468379051,72.01593998017638,72.00618151560992,72.00618151560992,0.0,0.0,0.0,0.0,0.0,0.0,72.00618151560992,72.00488
371,2022-03-02 22:35:40,72.00654422237965,71.99724643097129,72.01526593045175,72.00654422237965,72.00654422237965,0.0,0.0,0.0,0.0,0.0,0.0,72.00654422237965,72.0052
372,2022-03-02 22:35:41,72.00690692914937,71.9967242240111,72.01500053961584,72.00690692914937,72.00690692914937,0.0,0.0,0.0,0.0,0.0,0.0,72.00690692914937,72.00643000000001
373,2022-03-02 22:35:42,72.00726963591909,71.99810412755373,72.01667510461813,72.00726963591909,72.00726963591909,0.0,0.0,0.0,0.0,0.0,0.0,72.00726963591909,72.00681999999999
374,2022-03-02 22:35:43,72.00763234268881,71.99865208066964,72.01614337428857,72.00763234268881,72.00763234268881,0.0,0.0,0.0,0.0,0.0,0.0,72.00763234268881,72.00788
375,2022-03-02 22:35:44,72.00799504945853,71.9989605540599,72.0177589990447,72.00799504945853,72.00799504945853,0.0,0.0,0.0,0.0,0.0,0.0,72.00799504945853,72.00806999999999
376,2022-03-02 22:35:45,72.00835775622825,71.99823484711122,72.01782826728797,72.00835775622825,72.00835775622825,0.0,0.0,0.0,0.0,0.0,0.0,72.00835775622825,72.00825999999999
377,2022-03-02 22:35:46,72.00872046299797,71.99890567706612,72.0187879340629,72.00872046299797,72.00872046299797,0.0,0.0,0.0,0.0,0.0,0.0,72.00872046299797,72.00856
378,2022-03-02 22:35:47,72.00908316976769,72.00006128489215,72.01842596690442,72.00908316976769,72.00908316976769,0.0,0.0,0.0,0.0,0.0,0.0,72.00908316976769,72.00856999999999
379,2022-03-02 22:35:48,72.00944587653741,71.99854180472218,72.01897796421301,72.00944587653741,72.00944587653741,0.0,0.0,0.0,0.0,0.0,0.0,72.00944587653741,72.00950999999999
380,2022-03-02 22:35:49,72.00980858330713,72.00206360792302,72.01810770447604,72.00980858330713,72.00980858330713,0.0,0.0,0.0,0.0,0.0,0.0,72.00980858330713,72.00972
381,2022-03-02 22:35:50,72.01017129007685,71.99969492030642,72.01797858430966,72.01017129007685,72.01017129007685,0.0,0.0,0.0,0.0,0.0,0.0,72.01017129007685,72.00995
382,2022-03-02 22:35:51,72.01053399684658,72.00294404727313,72.02131126830803,72.01053399684658,72.01053399684658,0.0,0.0,0.0,0.0,0.0,0.0,72.01053399684658,72.01018
383,2022-03-02 22:35:52,72.0108967036163,72.00259404250188,72.01942612157868,72.0108967036163,72.0108967036163,0.0,0.0,0.0,0.0,0.0,0.0,72.0108967036163,72.01025
384,2022-03-02 22:35:53,72.01116117613098,72.00141447703739,72.02017898741354,72.01116117613098,72.01116117613098,0.0,0.0,0.0,0.0,0.0,0.0,72.01116117613098,72.01106
385,2022-03-02 22:35:54,72.01142564864566,72.00211488531914,72.01945485891572,72.01142564864566,72.01142564864566,0.0,0.0,0.0,0.0,0.0,0.0,72.01142564864566,72.0117
386,2022-03-02 22:35:55,72.01169012116034,72.00179283677697,72.02003172416181,72.01169012116034,72.01169012116034,0.0,0.0,0.0,0.0,0.0,0.0,72.01169012116034,72.01181
387,2022-03-02 22:35:56,72.01195459367501,72.00285292087491,72.02056332000916,72.01195459367501,72.01195459367501,0.0,0.0,0.0,0.0,0.0,0.0,72.01195459367501,72.01195
388,2022-03-02 22:35:57,72.0122190661897,72.00346854945614,72.02167725501927,72.0122190661897,72.0122190661897,0.0,0.0,0.0,0.0,0.0,0.0,72.0122190661897,72.01276
389,2022-03-02 22:35:58,72.01248353870439,72.00476553470043,72.0217978728723,72.01248353870439,72.01248353870439,0.0,0.0,0.0,0.0,0.0,0.0,72.01248353870439,72.01279
390,2022-03-02 22:35:59,72.01274801121906,72.00349362956851,72.02189943105239,72.01274801121906,72.01274801121906,0.0,0.0,0.0,0.0,0.0,0.0,72.01274801121906,72.01358
391,2022-03-02 22:36:00,72.01301248373375,72.00422427606611,72.02055105443569,72.01301248373375,72.01301248373375,0.0,0.0,0.0,0.0,0.0,0.0,72.01301248373375,72.01416
392,2022-03-02 22:36:01,72.01327695624842,72.00546780054685,72.02314152414515,72.01327695624842,72.01327695624842,0.0,0.0,0.0,0.0,0.0,0.0,72.01327695624842,72.01434
393,2022-03-02 22:36:02,72.01354142876309,72.00262649356357,72.0211665244193,72.01354142876309,72.01354142876309,0.0,0.0,0.0,0.0,0.0,0.0,72.01354142876309,72.0146
394,2022-03-02 22:36:03,72.01380590127778,72.00468521118228,72.02227743908195,72.01380590127778,72.01380590127778,0.0,0.0,0.0,0.0,0.0,0.0,72.01380590127778,72.01462
395,2022-03-02 22:36:06,72.01459931882182,72.00648884006044,72.02598906016567,72.01459931882182,72.01459931882182,0.0,0.0,0.0,0.0,0.0,0.0,72.01459931882182,72.01496
396,2022-03-02 22:36:07,72.01486379133651,72.0048305501725,72.0243782659645,72.01486379133651,72.01486379133651,0.0,0.0,0.0,0.0,0.0,0.0,72.01486379133651,72.01508000000001
397,2022-03-02 22:36:08,72.01512826385118,72.0041276402807,72.02224988081605,72.01512826385118,72.01512826385118,0.0,0.0,0.0,0.0,0.0,0.0,72.01512826385118,72.01543000000001
398,2022-03-02 22:36:09,72.01539273636587,72.00591432312527,72.02350033938244,72.01539273636587,72.01539273636587,0.0,0.0,0.0,0.0,0.0,0.0,72.01539273636587,72.01569
399,2022-03-02 22:36:10,72.01565720888054,72.0069763030774,72.02444422536823,72.01565720888054,72.01565720888054,0.0,0.0,0.0,0.0,0.0,0.0,72.01565720888054,72.01614000000001
400,2022-03-02 22:36:11,72.01592168139523,72.00711234813588,72.0248829467345,72.01592168139523,72.01592168139523,0.0,0.0,0.0,0.0,0.0,0.0,72.01592168139523,72.01626999999999
401,2022-03-02 22:36:12,72.01618615390991,72.00802916070894,72.02461070414417,72.01618615390991,72.01618615390991,0.0,0.0,0.0,0.0,0.0,0.0,72.01618615390991,72.0164
402,2022-03-02 22:36:13,72.01662676340578,72.0080743331637,72.02605525852708,72.01662676340578,72.01662676340578,0.0,0.0,0.0,0.0,0.0,0.0,72.01662676340578,72.01651
403,2022-03-02 22:36:14,72.01706737290165,72.00807636593768,72.02576017742089,72.01706737290165,72.01706737290165,0.0,0.0,0.0,0.0,0.0,0.0,72.01706737290165,72.01680999999999
404,2022-03-02 22:36:15,72.01750798239752,72.00996775487185,72.02670896462263,72.01750798239752,72.01750798239752,0.0,0.0,0.0,0.0,0.0,0.0,72.01750798239752,72.01798000000001
405,2022-03-02 22:36:16,72.0179485918934,72.00898247146475,72.02602499653892,72.0179485918934,72.0179485918934,0.0,0.0,0.0,0.0,0.0,0.0,72.0179485918934,72.01805999999999
406,2022-03-02 22:36:17,72.01838920138927,72.00904375788896,72.02926360311388,72.01838920138927,72.01838920138927,0.0,0.0,0.0,0.0,0.0,0.0,72.01838920138927,72.01808
407,2022-03-02 22:36:18,72.01882981088514,72.00895579646743,72.03139725334182,72.01882981088514,72.01882981088514,0.0,0.0,0.0,0.0,0.0,0.0,72.01882981088514,72.01819
408,2022-03-02 22:36:19,72.01927042038102,72.00729591514259,72.02905452219966,72.01927042038102,72.01927042038102,0.0,0.0,0.0,0.0,0.0,0.0,72.01927042038102,72.01827
409,2022-03-02 22:36:20,72.01971102987689,72.00805336892957,72.02859701251752,72.01971102987689,72.01971102987689,0.0,0.0,0.0,0.0,0.0,0.0,72.01971102987689,72.01899999999999
410,2022-03-02 22:36:21,72.02015163937276,72.01049208997303,72.02831267765531,72.02015163937276,72.02015163937276,0.0,0.0,0.0,0.0,0.0,0.0,72.02015163937276,72.01911
411,2022-03-02 22:36:22,72.02059224886864,72.01071363662963,72.03024013847444,72.02059224886864,72.02059224886864,0.0,0.0,0.0,0.0,0.0,0.0,72.02059224886864,72.02013000000001
412,2022-03-02 22:36:23,72.0210328583645,72.0111188376742,72.03041292717285,72.0210328583645,72.0210328583645,0.0,0.0,0.0,0.0,0.0,0.0,72.0210328583645,72.02023
413,2022-03-02 22:36:24,72.02147346786037,72.01298602898706,72.03037758304941,72.02147346786037,72.02147346786037,0.0,0.0,0.0,0.0,0.0,0.0,72.02147346786037,72.02036
414,2022-03-02 22:36:25,72.02191407735624,72.01334775305688,72.0307550355659,72.02191407735624,72.02191407735624,0.0,0.0,0.0,0.0,0.0,0.0,72.02191407735624,72.02117
415,2022-03-02 22:36:26,72.02235468685213,72.01378756615499,72.0316084580652,72.02235468685213,72.02235468685213,0.0,0.0,0.0,0.0,0.0,0.0,72.02235468685213,72.02119
416,2022-03-02 22:36:27,72.022795296348,72.01413235221578,72.03316337095346,72.022795296348,72.022795296348,0.0,0.0,0.0,0.0,0.0,0.0,72.022795296348,72.02301
417,2022-03-02 22:36:28,72.02323590584386,72.01365495966397,72.0325072187933,72.02323590584386,72.02323590584386,0.0,0.0,0.0,0.0,0.0,0.0,72.02323590584386,72.0231
418,2022-03-02 22:36:29,72.02367651533974,72.01357673056923,72.03371421405404,72.02367651533974,72.02367651533974,0.0,0.0,0.0,0.0,0.0,0.0,72.02367651533974,72.02338
419,2022-03-02 22:36:30,72.02411712483561,72.01444317189174,72.03250339648966,72.02411712483561,72.02411712483561,0.0,0.0,0.0,0.0,0.0,0.0,72.02411712483561,72.02339
420,2022-03-02 22:36:32,72.02499834382736,72.01457572768565,72.03612583655767,72.02499834382736,72.02499834382736,0.0,0.0,0.0,0.0,0.0,0.0,72.02499834382736,72.02398000000001
421,2022-03-02 22:36:33,72.02557017281964,72.01410715748159,72.03665952525907,72.02557017281964,72.02557017281964,0.0,0.0,0.0,0.0,0.0,0.0,72.02557017281964,72.02493
422,2022-03-02 22:36:34,72.02614200181193,72.01603865118524,72.03557613874906,72.02614200181193,72.02614200181193,0.0,0.0,0.0,0.0,0.0,0.0,72.02614200181193,72.02714
423,2022-03-02 22:36:35,72.02671383080421,72.01652293641854,72.03540379037358,72.02671383080421,72.02671383080421,0.0,0.0,0.0,0.0,0.0,0.0,72.02671383080421,72.02809
424,2022-03-02 22:36:36,72.0272856597965,72.01795625594738,72.03694739876399,72.0272856597965,72.0272856597965,0.0,0.0,0.0,0.0,0.0,0.0,72.0272856597965,72.02891
425,2022-03-02 22:36:37,72.02785748878878,72.01893104078154,72.03847557763089,72.02785748878878,72.02785748878878,0.0,0.0,0.0,0.0,0.0,0.0,72.02785748878878,72.02935
426,2022-03-02 22:36:38,72.02842931778106,72.02061918816769,72.0387193558504,72.02842931778106,72.02842931778106,0.0,0.0,0.0,0.0,0.0,0.0,72.02842931778106,72.02953000000001
427,2022-03-02 22:36:39,72.02900114677335,72.01916008628685,72.03665784065878,72.02900114677335,72.02900114677335,0.0,0.0,0.0,0.0,0.0,0.0,72.02900114677335,72.03001
428,2022-03-02 22:36:40,72.02957297576563,72.02041307632126,72.03820294906986,72.02957297576563,72.02957297576563,0.0,0.0,0.0,0.0,0.0,0.0,72.02957297576563,72.03028
429,2022-03-02 22:36:41,72.03014480475791,72.02179149797357,72.03827147294794,72.03014480475791,72.03014480475791,0.0,0.0,0.0,0.0,0.0,0.0,72.03014480475791,72.03137
430,2022-03-02 22:36:42,72.0307166337502,72.02188640490547,72.04039078010722,72.0307166337502,72.0307166337502,0.0,0.0,0.0,0.0,0.0,0.0,72.0307166337502,72.03146
431,2022-03-02 22:36:43,72.0312884627425,72.0207954734168,72.04306244476027,72.0312884627425,72.0312884627425,0.0,0.0,0.0,0.0,0.0,0.0,72.0312884627425,72.03153
432,2022-03-02 22:36:44,72.03186029173477,72.02325057552908,72.0402794774174,72.03186029173477,72.03186029173477,0.0,0.0,0.0,0.0,0.0,0.0,72.03186029173477,72.03165
433,2022-03-02 22:36:45,72.03243212072705,72.0229776071485,72.04248147920494,72.03243212072705,72.03243212072705,0.0,0.0,0.0,0.0,0.0,0.0,72.03243212072705,72.03205
434,2022-03-02 22:36:46,72.03300394971934,72.02357402971275,72.04283907681456,72.03300394971934,72.03300394971934,0.0,0.0,0.0,0.0,0.0,0.0,72.03300394971934,72.03237
435,2022-03-02 22:36:47,72.03357577871162,72.0238281555482,72.04238363239662,72.03357577871162,72.03357577871162,0.0,0.0,0.0,0.0,0.0,0.0,72.03357577871162,72.0327
436,2022-03-02 22:36:48,72.03414760770391,72.02551571320426,72.04235794928722,72.03414760770391,72.03414760770391,0.0,0.0,0.0,0.0,0.0,0.0,72.03414760770391,72.03376
437,2022-03-02 22:36:49,72.0347194366962,72.02689223849049,72.04495610036022,72.0347194366962,72.0347194366962,0.0,0.0,0.0,0.0,0.0,0.0,72.0347194366962,72.03493
438,2022-03-02 22:36:50,72.03529126568847,72.02709500085078,72.04451339081959,72.03529126568847,72.03529126568847,0.0,0.0,0.0,0.0,0.0,0.0,72.03529126568847,72.03520999999999
439,2022-03-02 22:36:51,72.03568614644972,72.02728499508542,72.04541724161403,72.03568614644972,72.03568614644972,0.0,0.0,0.0,0.0,0.0,0.0,72.03568614644972,72.0357
440,2022-03-02 22:36:52,72.03608102721097,72.0261122219844,72.0451020108853,72.03608102721097,72.03608102721097,0.0,0.0,0.0,0.0,0.0,0.0,72.03608102721097,72.03629000000001
441,2022-03-02 22:36:53,72.03647590797222,72.02689455799855,72.04590558105525,72.03647590797222,72.03647590797222,0.0,0.0,0.0,0.0,0.0,0.0,72.03647590797222,72.03686
442,2022-03-02 22:36:54,72.03687078873348,72.0273909307249,72.0454481850937,72.03687078873348,72.03687078873348,0.0,0.0,0.0,0.0,0.0,0.0,72.03687078873348,72.03711
443,2022-03-02 22:36:57,72.03805543101723,72.02921040315343,72.04782143131996,72.03805543101723,72.03805543101723,0.0,0.0,0.0,0.0,0.0,0.0,72.03805543101723,72.0372
444,2022-03-02 22:36:58,72.03845031177848,72.02748108458456,72.04844169816582,72.03845031177848,72.03845031177848,0.0,0.0,0.0,0.0,0.0,0.0,72.03845031177848,72.03783
445,2022-03-02 22:36:59,72.03884519253972,72.0260339974465,72.04981715972862,72.03884519253972,72.03884519253972,0.0,0.0,0.0,0.0,0.0,0.0,72.03884519253972,72.0385
446,2022-03-02 22:37:00,72.03924007330097,72.02958576443604,72.04955860933218,72.03924007330097,72.03924007330097,0.0,0.0,0.0,0.0,0.0,0.0,72.03924007330097,72.03874
447,2022-03-02 22:37:01,72.03963495406222,72.03185676673361,72.04883237020834,72.03963495406222,72.03963495406222,0.0,0.0,0.0,0.0,0.0,0.0,72.03963495406222,72.03889000000001
448,2022-03-02 22:37:02,72.04002983482349,72.03156117311781,72.05085319120387,72.04002983482349,72.04002983482349,0.0,0.0,0.0,0.0,0.0,0.0,72.04002983482349,72.04069
449,2022-03-02 22:37:03,72.04042471558472,72.03161506973727,72.0505210776036,72.04042471558472,72.04042471558472,0.0,0.0,0.0,0.0,0.0,0.0,72.04042471558472,72.0407
450,2022-03-02 22:37:04,72.04081959634598,72.03321618569468,72.04982332798863,72.04081959634598,72.04081959634598,0.0,0.0,0.0,0.0,0.0,0.0,72.04081959634598,72.04073000000001
451,2022-03-02 22:37:05,72.04121447710722,72.03252802339067,72.05175431444512,72.04121447710722,72.04121447710722,0.0,0.0,0.0,0.0,0.0,0.0,72.04121447710722,72.04101999999999
452,2022-03-02 22:37:06,72.04160935786848,72.03337788198206,72.05117427554255,72.04160935786848,72.04160935786848,0.0,0.0,0.0,0.0,0.0,0.0,72.04160935786848,72.04136
453,2022-03-02 22:37:07,72.04200423862972,72.03286985432771,72.05332511735483,72.04200423862972,72.04200423862972,0.0,0.0,0.0,0.0,0.0,0.0,72.04200423862972,72.04216
454,2022-03-02 22:37:08,72.04239911939098,72.03305424467241,72.05119147280247,72.04239911939098,72.04239911939098,0.0,0.0,0.0,0.0,0.0,0.0,72.04239911939098,72.04227
455,2022-03-02 22:37:09,72.04279400015223,72.03424057522518,72.0521042887878,72.04279400015223,72.04279400015223,0.0,0.0,0.0,0.0,0.0,0.0,72.04279400015223,72.04401
456,2022-03-02 22:37:10,72.04318888091348,72.03441895326907,72.05153427628714,72.04318888091348,72.04318888091348,0.0,0.0,0.0,0.0,0.0,0.0,72.04318888091348,72.04460999999999
457,2022-03-02 22:37:11,72.04370781067654,72.03177986083212,72.05289897443119,72.04370781067654,72.04370781067654,0.0,0.0,0.0,0.0,0.0,0.0,72.04370781067654,72.04535
458,2022-03-02 22:37:12,72.0442267404396,72.03537480721928,72.0538972102329,72.0442267404396,72.0442267404396,0.0,0.0,0.0,0.0,0.0,0.0,72.0442267404396,72.04634
459,2022-03-02 22:37:13,72.04474567020266,72.03688127146897,72.05457925169384,72.04474567020266,72.04474567020266,0.0,0.0,0.0,0.0,0.0,0.0,72.04474567020266,72.04865
460,2022-03-02 22:37:14,72.04526459996572,72.03644848486985,72.05627660576137,72.04526459996572,72.04526459996572,0.0,0.0,0.0,0.0,0.0,0.0,72.04526459996572,72.04908
461,2022-03-02 22:37:15,72.04578352972878,72.03577362189235,72.0547131471569,72.04578352972878,72.04578352972878,0.0,0.0,0.0,0.0,0.0,0.0,72.04578352972878,72.05015999999999
462,2022-03-02 22:37:16,72.04630245949184,72.0366161684958,72.05495211799666,72.04630245949184,72.04630245949184,0.0,0.0,0.0,0.0,0.0,0.0,72.04630245949184,72.05051999999999
463,2022-03-02 22:37:17,72.0468213892549,72.03809376117019,72.05471959776168,72.0468213892549,72.0468213892549,0.0,0.0,0.0,0.0,0.0,0.0,72.0468213892549,72.05067
464,2022-03-02 22:37:18,72.04734031901796,72.0383660824199,72.0557294393504,72.04734031901796,72.04734031901796,0.0,0.0,0.0,0.0,0.0,0.0,72.04734031901796,72.05100999999999
465,2022-03-02 22:37:19,72.04785924878102,72.0395490907887,72.05752482281973,72.04785924878102,72.04785924878102,0.0,0.0,0.0,0.0,0.0,0.0,72.04785924878102,72.05107
466,2022-03-02 22:37:20,72.04837817854408,72.03935523829306,72.05962786919794,72.04837817854408,72.04837817854408,0.0,0.0,0.0,0.0,0.0,0.0,72.04837817854408,72.05158
467,2022-03-02 22:37:21,72.04889710830714,72.03700254003151,72.05842981027047,72.04889710830714,72.04889710830714,0.0,0.0,0.0,0.0,0.0,0.0,72.04889710830714,72.05171999999999
468,2022-03-02 22:37:25,72.05097282735939,72.0414322724749,72.06006798301955,72.05097282735939,72.05097282735939,0.0,0.0,0.0,0.0,0.0,0.0,72.05097282735939,72.05179
469,2022-03-02 22:37:26,72.05149175712245,72.04305286175034,72.06011180351148,72.05149175712245,72.05149175712245,0.0,0.0,0.0,0.0,0.0,0.0,72.05149175712245,72.05204
470,2022-03-02 22:37:27,72.05201068688551,72.04227719142129,72.06111242983754,72.05201068688551,72.05201068688551,0.0,0.0,0.0,0.0,0.0,0.0,72.05201068688551,72.05215
471,2022-03-02 22:37:28,72.05252961664856,72.04244128462155,72.06260151095314,72.05252961664856,72.05252961664856,0.0,0.0,0.0,0.0,0.0,0.0,72.05252961664856,72.05303
472,2022-03-02 22:37:29,72.05304854641162,72.04286955240048,72.061901026507,72.05304854641162,72.05304854641162,0.0,0.0,0.0,0.0,0.0,0.0,72.05304854641162,72.05311
473,2022-03-02 22:37:30,72.05356747617468,72.04465955041252,72.06397501308518,72.05356747617468,72.05356747617468,0.0,0.0,0.0,0.0,0.0,0.0,72.05356747617468,72.05391
474,2022-03-02 22:37:31,72.05408640593774,72.04505165628117,72.06300400161149,72.05408640593774,72.05408640593774,0.0,0.0,0.0,0.0,0.0,0.0,72.05408640593774,72.0545
475,2022-03-02 22:37:32,72.0546053357008,72.04582336528172,72.06447111541065,72.0546053357008,72.0546053357008,0.0,0.0,0.0,0.0,0.0,0.0,72.0546053357008,72.05516
476,2022-03-02 22:37:33,72.05512426546386,72.04564169841159,72.06303998769341,72.05512426546386,72.05512426546386,0.0,0.0,0.0,0.0,0.0,0.0,72.05512426546386,72.05622
477,2022-03-02 22:37:34,72.05564319522692,72.04753701331747,72.06507591052554,72.05564319522692,72.05564319522692,0.0,0.0,0.0,0.0,0.0,0.0,72.05564319522692,72.05624
478,2022-03-02 22:37:35,72.05616212498998,72.04715177271841,72.06399449024869,72.05616212498998,72.05616212498998,0.0,0.0,0.0,0.0,0.0,0.0,72.05616212498998,72.05641999999999
479,2022-03-02 22:37:36,72.05668105475304,72.04711191241861,72.06691141271874,72.05668105475304,72.05668105475304,0.0,0.0,0.0,0.0,0.0,0.0,72.05668105475304,72.0566
480,2022-03-02 22:37:37,72.0571999845161,72.04675259310893,72.06574319663463,72.0571999845161,72.0571999845161,0.0,0.0,0.0,0.0,0.0,0.0,72.0571999845161,72.05688
481,2022-03-02 22:37:38,72.05771891427916,72.04653407240794,72.06785214192405,72.05771891427916,72.05771891427916,0.0,0.0,0.0,0.0,0.0,0.0,72.05771891427916,72.057
482,2022-03-02 22:37:39,72.05823784404222,72.04923576334562,72.06607886587673,72.05823784404222,72.05823784404222,0.0,0.0,0.0,0.0,0.0,0.0,72.05823784404222,72.05716
483,2022-03-02 22:37:40,72.05875677380529,72.04932349871743,72.06889939593925,72.05875677380529,72.05875677380529,0.0,0.0,0.0,0.0,0.0,0.0,72.05875677380529,72.05722
484,2022-03-02 22:37:41,72.05927570356835,72.04972740070171,72.0670647741145,72.05927570356835,72.05927570356835,0.0,0.0,0.0,0.0,0.0,0.0,72.05927570356835,72.05765
485,2022-03-02 22:37:42,72.0597946333314,72.05191692886753,72.07123893092127,72.0597946333314,72.0597946333314,0.0,0.0,0.0,0.0,0.0,0.0,72.0597946333314,72.05836
486,2022-03-02 22:37:43,72.06031356309447,72.0514039444295,72.0677721291086,72.06031356309447,72.06031356309447,0.0,0.0,0.0,0.0,0.0,0.0,72.06031356309447,72.05844
487,2022-03-02 22:37:44,72.06083249285753,72.05068390878236,72.0689940412881,72.06083249285753,72.06083249285753,0.0,0.0,0.0,0.0,0.0,0.0,72.06083249285753,72.0589
488,2022-03-02 22:37:45,72.06135142262059,72.05181660076002,72.0698746966813,72.06135142262059,72.06135142262059,0.0,0.0,0.0,0.0,0.0,0.0,72.06135142262059,72.06051
489,2022-03-02 22:37:46,72.06187035238365,72.05409225683324,72.07077548812924,72.06187035238365,72.06187035238365,0.0,0.0,0.0,0.0,0.0,0.0,72.06187035238365,72.06133
490,2022-03-02 22:37:47,72.0623892821467,72.05415562127564,72.07061333434498,72.0623892821467,72.0623892821467,0.0,0.0,0.0,0.0,0.0,0.0,72.0623892821467,72.06236
491,2022-03-02 22:37:48,72.06290821190976,72.05297800043556,72.07239938770124,72.06290821190976,72.06290821190976,0.0,0.0,0.0,0.0,0.0,0.0,72.06290821190976,72.06241999999999
492,2022-03-02 22:37:49,72.06342714167282,72.05557111190598,72.07306385242609,72.06342714167282,72.06342714167282,0.0,0.0,0.0,0.0,0.0,0.0,72.06342714167282,72.06281
493,2022-03-02 22:37:50,72.06394607143588,72.0557270015522,72.0736050684798,72.06394607143588,72.06394607143588,0.0,0.0,0.0,0.0,0.0,0.0,72.06394607143588,72.06328
494,2022-03-02 22:37:51,72.06446500119894,72.05700411680488,72.07510481161536,72.06446500119894,72.06446500119894,0.0,0.0,0.0,0.0,0.0,0.0,72.06446500119894,72.06396
495,2022-03-02 22:37:52,72.064983930962,72.05647253399749,72.07374454918853,72.064983930962,72.064983930962,0.0,0.0,0.0,0.0,0.0,0.0,72.064983930962,72.06403
496,2022-03-02 22:37:53,72.06550286072506,72.05536795321323,72.07381419064993,72.06550286072506,72.06550286072506,0.0,0.0,0.0,0.0,0.0,0.0,72.06550286072506,72.06425
497,2022-03-02 22:37:54,72.06602179048812,72.05794252185548,72.07355736704625,72.06602179048812,72.06602179048812,0.0,0.0,0.0,0.0,0.0,0.0,72.06602179048812,72.06458
498,2022-03-02 22:37:55,72.06654072025118,72.05597141975053,72.07633599192997,72.06654072025118,72.06654072025118,0.0,0.0,0.0,0.0,0.0,0.0,72.06654072025118,72.06522
499,2022-03-02 22:37:56,72.06705965001424,72.05789563353585,72.07540782932551,72.06705965001424,72.06705965001424,0.0,0.0,0.0,0.0,0.0,0.0,72.06705965001424,72.06531
500,2022-03-02 22:37:57,72.0675785797773,72.05855489499041,72.07582111425158,72.0675785797773,72.0675785797773,0.0,0.0,0.0,0.0,0.0,0.0,72.0675785797773,72.06541
501,2022-03-02 22:37:58,72.06809750954037,72.05630768153146,72.07705178577442,72.06809750954037,72.06809750954037,0.0,0.0,0.0,0.0,0.0,0.0,72.06809750954037,72.06548000000001
502,2022-03-02 22:37:59,72.06861643930343,72.0605241793659,72.07651619607172,72.06861643930343,72.06861643930343,0.0,0.0,0.0,0.0,0.0,0.0,72.06861643930343,72.06615
503,2022-03-02 22:38:00,72.06913536906649,72.05981603197976,72.0770423411197,72.06913536906649,72.06913536906649,0.0,0.0,0.0,0.0,0.0,0.0,72.06913536906649,72.06685999999999
504,2022-03-02 22:38:01,72.06965429882955,72.06111321839806,72.07840755377687,72.06965429882955,72.06965429882955,0.0,0.0,0.0,0.0,0.0,0.0,72.06965429882955,72.06806
505,2022-03-02 22:38:02,72.07017322859261,72.05937135954888,72.07803319419924,72.07017322859261,72.07017322859261,0.0,0.0,0.0,0.0,0.0,0.0,72.07017322859261,72.06956
506,2022-03-02 22:38:03,72.07069215835567,72.06115610622226,72.07785981616391,72.07069215835567,72.07069215835567,0.0,0.0,0.0,0.0,0.0,0.0,72.07069215835567,72.07088
507,2022-03-02 22:38:04,72.07121108811873,72.06124096187652,72.07935199256266,72.07121108811873,72.07121108811873,0.0,0.0,0.0,0.0,0.0,0.0,72.07121108811873,72.07105
508,2022-03-02 22:38:05,72.07173001788179,72.06378480793813,72.07994445610241,72.07173001788179,72.07173001788179,0.0,0.0,0.0,0.0,0.0,0.0,72.07173001788179,72.0712
509,2022-03-02 22:38:06,72.07224894764485,72.06369304853149,72.0826357207868,72.07224894764485,72.07224894764485,0.0,0.0,0.0,0.0,0.0,0.0,72.07224894764485,72.07121
510,2022-03-02 22:38:07,72.07276787740791,72.0626417552745,72.08314880566299,72.07276787740791,72.07276787740791,0.0,0.0,0.0,0.0,0.0,0.0,72.07276787740791,72.07146
511,2022-03-02 22:38:08,72.07328680717097,72.06543849115467,72.0819738985638,72.07328680717097,72.07328680717097,0.0,0.0,0.0,0.0,0.0,0.0,72.07328680717097,72.0717
512,2022-03-02 22:38:09,72.07380573693403,72.06539075803141,72.08243854381342,72.07380573693403,72.07380573693403,0.0,0.0,0.0,0.0,0.0,0.0,72.07380573693403,72.07183
513,2022-03-02 22:38:10,72.0743246666971,72.06402393958798,72.08242283732606,72.0743246666971,72.0743246666971,0.0,0.0,0.0,0.0,0.0,0.0,72.0743246666971,72.07197
514,2022-03-02 22:38:11,72.07484359646016,72.06476950599242,72.0831543339014,72.07484359646016,72.07484359646016,0.0,0.0,0.0,0.0,0.0,0.0,72.07484359646016,72.07226999999999
515,2022-03-02 22:38:12,72.07536252622322,72.06638622553497,72.08423983565645,72.07536252622322,72.07536252622322,0.0,0.0,0.0,0.0,0.0,0.0,72.07536252622322,72.07366999999999
516,2022-03-02 22:38:13,72.07588145598628,72.06671693888283,72.08479252301053,72.07588145598628,72.07588145598628,0.0,0.0,0.0,0.0,0.0,0.0,72.07588145598628,72.07415999999999
517,2022-03-02 22:38:14,72.07640038574934,72.06847031471126,72.08599167091707,72.07640038574934,72.07640038574934,0.0,0.0,0.0,0.0,0.0,0.0,72.07640038574934,72.07436
518,2022-03-02 22:38:15,72.0769193155124,72.0686231280635,72.08603246115803,72.0769193155124,72.0769193155124,0.0,0.0,0.0,0.0,0.0,0.0,72.0769193155124,72.07517
519,2022-03-02 22:38:16,72.07743824527546,72.06953951341458,72.08659873973062,72.07743824527546,72.07743824527546,0.0,0.0,0.0,0.0,0.0,0.0,72.07743824527546,72.07545999999999
520,2022-03-02 22:38:17,72.07795717503852,72.06904206589887,72.08649506036835,72.07795717503852,72.07795717503852,0.0,0.0,0.0,0.0,0.0,0.0,72.07795717503852,72.07571999999999
521,2022-03-02 22:38:21,72.08003289409076,72.07120800355757,72.08991308789085,72.08003289409076,72.08003289409076,0.0,0.0,0.0,0.0,0.0,0.0,72.08003289409076,72.07593
522,2022-03-02 22:38:22,72.08055182385382,72.07188425908421,72.09041621085967,72.08055182385382,72.08055182385382,0.0,0.0,0.0,0.0,0.0,0.0,72.08055182385382,72.07696999999999
523,2022-03-02 22:38:23,72.08107075361688,72.07195845555047,72.08895406121619,72.08107075361688,72.08107075361688,0.0,0.0,0.0,0.0,0.0,0.0,72.08107075361688,72.07762
524,2022-03-02 22:38:24,72.08158968337995,72.07270208754363,72.09145340717731,72.08158968337995,72.08158968337995,0.0,0.0,0.0,0.0,0.0,0.0,72.08158968337995,72.07909000000001
525,2022-03-02 22:38:25,72.082108613143,72.06952371148827,72.0929515748101,72.082108613143,72.082108613143,0.0,0.0,0.0,0.0,0.0,0.0,72.082108613143,72.07925999999999
526,2022-03-02 22:38:26,72.08262754290607,72.07262890100142,72.09151936649437,72.08262754290607,72.08262754290607,0.0,0.0,0.0,0.0,0.0,0.0,72.08262754290607,72.0793
527,2022-03-02 22:38:27,72.08314647266913,72.07295739585646,72.09107638798301,72.08314647266913,72.08314647266913,0.0,0.0,0.0,0.0,0.0,0.0,72.08314647266913,72.07979
528,2022-03-02 22:38:28,72.08366540243219,72.07547504167579,72.09414337134947,72.08366540243219,72.08366540243219,0.0,0.0,0.0,0.0,0.0,0.0,72.08366540243219,72.08018
529,2022-03-02 22:38:29,72.08418433219525,72.07492658977483,72.09186755448486,72.08418433219525,72.08418433219525,0.0,0.0,0.0,0.0,0.0,0.0,72.08418433219525,72.08234
530,2022-03-02 22:38:30,72.0847032619583,72.07463270530526,72.09347717875923,72.0847032619583,72.0847032619583,0.0,0.0,0.0,0.0,0.0,0.0,72.0847032619583,72.08292
531,2022-03-02 22:38:31,72.08522219172136,72.0756311949016,72.09440193096209,72.08522219172136,72.08522219172136,0.0,0.0,0.0,0.0,0.0,0.0,72.08522219172136,72.08321
532,2022-03-02 22:38:32,72.08574112148442,72.07733656560198,72.09506438527198,72.08574112148442,72.08574112148442,0.0,0.0,0.0,0.0,0.0,0.0,72.08574112148442,72.08368
533,2022-03-02 22:38:33,72.08626005124748,72.0766071371659,72.09567004476519,72.08626005124748,72.08626005124748,0.0,0.0,0.0,0.0,0.0,0.0,72.08626005124748,72.08402
534,2022-03-02 22:38:34,72.08677898101054,72.0789985714172,72.0965701106025,72.08677898101054,72.08677898101054,0.0,0.0,0.0,0.0,0.0,0.0,72.08677898101054,72.08606999999999
535,2022-03-02 22:38:35,72.0872979107736,72.0777356746572,72.09519471438969,72.0872979107736,72.0872979107736,0.0,0.0,0.0,0.0,0.0,0.0,72.0872979107736,72.08676
536,2022-03-02 22:38:36,72.08781684053666,72.07748657350453,72.0966321245618,72.08781684053666,72.08781684053666,0.0,0.0,0.0,0.0,0.0,0.0,72.08781684053666,72.08792
537,2022-03-02 22:38:37,72.08833577029972,72.07864194655737,72.09691328170433,72.08833577029972,72.08833577029972,0.0,0.0,0.0,0.0,0.0,0.0,72.08833577029972,72.08809000000001
538,2022-03-02 22:38:38,72.08885470006278,72.07844925211008,72.09891972953285,72.08885470006278,72.08885470006278,0.0,0.0,0.0,0.0,0.0,0.0,72.08885470006278,72.08835
539,2022-03-02 22:38:39,72.08937362982584,72.08113409208208,72.09953744022367,72.08937362982584,72.08937362982584,0.0,0.0,0.0,0.0,0.0,0.0,72.08937362982584,72.08873
540,2022-03-02 22:38:40,72.0898925595889,72.0802070284122,72.0980762578081,72.0898925595889,72.0898925595889,0.0,0.0,0.0,0.0,0.0,0.0,72.0898925595889,72.0889
541,2022-03-02 22:38:41,72.09041148935196,72.07876590644258,72.09922754491797,72.09041148935196,72.09041148935196,0.0,0.0,0.0,0.0,0.0,0.0,72.09041148935196,72.09026999999999
542,2022-03-02 22:38:42,72.09093041911503,72.08212567029743,72.09986120669078,72.09093041911503,72.09093041911503,0.0,0.0,0.0,0.0,0.0,0.0,72.09093041911503,72.09052
543,2022-03-02 22:38:43,72.09144934887809,72.08245005159904,72.10041714981024,72.09144934887809,72.09144934887809,0.0,0.0,0.0,0.0,0.0,0.0,72.09144934887809,72.09206
544,2022-03-02 22:38:44,72.09196827864115,72.08275681397868,72.10100252786872,72.09196827864115,72.09196827864115,0.0,0.0,0.0,0.0,0.0,0.0,72.09196827864115,72.09344
545,2022-03-02 22:38:45,72.09248720840421,72.08380993037815,72.10171967637893,72.09248720840421,72.09248720840421,0.0,0.0,0.0,0.0,0.0,0.0,72.09248720840421,72.09394
546,2022-03-02 22:38:46,72.09300613816727,72.0840865408326,72.10130785808106,72.09300613816727,72.09300613816727,0.0,0.0,0.0,0.0,0.0,0.0,72.09300613816727,72.09506999999999
547,2022-03-02 22:38:47,72.09352506793033,72.08305862662698,72.10253628885198,72.09352506793033,72.09352506793033,0.0,0.0,0.0,0.0,0.0,0.0,72.09352506793033,72.09515
548,2022-03-02 22:38:48,72.09404399769339,72.08470800324856,72.10305257281304,72.09404399769339,72.09404399769339,0.0,0.0,0.0,0.0,0.0,0.0,72.09404399769339,72.09524
549,2022-03-02 22:38:49,72.09456292745645,72.08601030394289,72.10157043780113,72.09456292745645,72.09456292745645,0.0,0.0,0.0,0.0,0.0,0.0,72.09456292745645,72.09565
550,2022-03-02 22:38:50,72.09508185721951,72.08588990178758,72.10443541550627,72.09508185721951,72.09508185721951,0.0,0.0,0.0,0.0,0.0,0.0,72.09508185721951,72.09621
551,2022-03-02 22:38:51,72.09560078698257,72.08633318252497,72.10493168595912,72.09560078698257,72.09560078698257,0.0,0.0,0.0,0.0,0.0,0.0,72.09560078698257,72.09729
552,2022-03-02 22:38:52,72.09611971674563,72.08682056605484,72.10336648659069,72.09611971674563,72.09611971674563,0.0,0.0,0.0,0.0,0.0,0.0,72.09611971674563,72.09789
553,2022-03-02 22:38:53,72.0966386465087,72.08608616291437,72.10646201286583,72.0966386465087,72.0966386465087,0.0,0.0,0.0,0.0,0.0,0.0,72.0966386465087,72.09902
554,2022-03-02 22:38:54,72.09715757627175,72.08687522419906,72.1060882551157,72.09715757627175,72.09715757627175,0.0,0.0,0.0,0.0,0.0,0.0,72.09715757627175,72.09968
555,2022-03-02 22:38:55,72.09767650603482,72.08916884700784,72.10794468125123,72.09767650603482,72.09767650603482,0.0,0.0,0.0,0.0,0.0,0.0,72.09767650603482,72.09978000000001
556,2022-03-02 22:38:56,72.09819543579788,72.09082815898417,72.10662813731093,72.09819543579788,72.09819543579788,0.0,0.0,0.0,0.0,0.0,0.0,72.09819543579788,72.10004
557,2022-03-02 22:38:57,72.09871436556094,72.08986638527058,72.10867423402011,72.09871436556094,72.09871436556094,0.0,0.0,0.0,0.0,0.0,0.0,72.09871436556094,72.10155999999999
558,2022-03-02 22:38:58,72.099233295324,72.08943297678456,72.10862989773196,72.099233295324,72.099233295324,0.0,0.0,0.0,0.0,0.0,0.0,72.099233295324,72.10159
559,2022-03-02 22:38:59,72.09975222508706,72.0886683412335,72.10743128943838,72.09975222508706,72.09975222508706,0.0,0.0,0.0,0.0,0.0,0.0,72.09975222508706,72.10186999999999
560,2022-03-02 22:39:00,72.10027115485012,72.09207005785623,72.10948015876822,72.10027115485012,72.10027115485012,0.0,0.0,0.0,0.0,0.0,0.0,72.10027115485012,72.10211
561,2022-03-02 22:39:01,72.10079008461318,72.09093188910431,72.11182738941083,72.10079008461318,72.10079008461318,0.0,0.0,0.0,0.0,0.0,0.0,72.10079008461318,72.10268
562,2022-03-02 22:39:02,72.10130901437624,72.09299763239136,72.10966076885958,72.10130901437624,72.10130901437624,0.0,0.0,0.0,0.0,0.0,0.0,72.10130901437624,72.10288
563,2022-03-02 22:39:03,72.1018279441393,72.09263845732603,72.11210845222763,72.1018279441393,72.1018279441393,0.0,0.0,0.0,0.0,0.0,0.0,72.1018279441393,72.10355
564,2022-03-02 22:39:04,72.10234687390236,72.09419438024376,72.11234897778749,72.10234687390236,72.10234687390236,0.0,0.0,0.0,0.0,0.0,0.0,72.10234687390236,72.10419
565,2022-03-02 22:39:05,72.10286580366542,72.09356627564463,72.11132751362257,72.10286580366542,72.10286580366542,0.0,0.0,0.0,0.0,0.0,0.0,72.10286580366542,72.10531999999999
566,2022-03-02 22:39:06,72.10338473342848,72.09412227940813,72.11312202594388,72.10338473342848,72.10338473342848,0.0,0.0,0.0,0.0,0.0,0.0,72.10338473342848,72.10632
567,2022-03-02 22:39:07,72.10390366319155,72.0935374308788,72.11337831959415,72.10390366319155,72.10390366319155,0.0,0.0,0.0,0.0,0.0,0.0,72.10390366319155,72.1064
568,2022-03-02 22:39:08,72.1044225929546,72.0960441467285,72.11374688151461,72.1044225929546,72.1044225929546,0.0,0.0,0.0,0.0,0.0,0.0,72.1044225929546,72.10643
569,2022-03-02 22:39:12,72.10649831200685,72.09705949129102,72.11762776654285,72.10649831200685,72.10649831200685,0.0,0.0,0.0,0.0,0.0,0.0,72.10649831200685,72.1069
570,2022-03-02 22:39:13,72.1070172417699,72.09627451570803,72.11520603320662,72.1070172417699,72.1070172417699,0.0,0.0,0.0,0.0,0.0,0.0,72.1070172417699,72.10788000000001
571,2022-03-02 22:39:14,72.10753617153296,72.0994895658112,72.11619857624859,72.10753617153296,72.10753617153296,0.0,0.0,0.0,0.0,0.0,0.0,72.10753617153296,72.10885999999999
